order_id,order_date,customer_id,customer_age,customer_city,category,product,quantity,unit_price,total_price,order_month,day_of_week
ORD-000001,2024-04-12,CUST-3203,64,Ankara,Spor,Tişört,1,2145.95,2145.95,2024-04,Friday
ORD-000002,2024-12-14,CUST-2390,34,Ankara,Kozmetik,Roman,2,903.58,1807.16,2024-12,Saturday
ORD-000003,2024-09-27,CUST-2742,62,Kayseri,Kozmetik,Yoga Matı,2,4087.76,8175.52,2024-09,Friday
ORD-000004,2024-04-16,CUST-2925,49,İstanbul,Kozmetik,Ayna,3,2046.14,6138.42,2024-04,Tuesday
ORD-000005,2024-03-12,CUST-1619,39,Ankara,Ev & Yaşam,Kulaklık,1,4680.95,4680.95,2024-03,Tuesday
ORD-000006,2024-07-07,CUST-2274,21,Gaziantep,Spor,Perde,2,4752.0,9504.0,2024-07,Sunday
ORD-000007,2024-01-21,CUST-1956,22,Kayseri,Ev & Yaşam,Futbol Topu,4,618.4,2473.6,2024-01,Sunday
ORD-000008,2024-04-12,CUST-2939,54,Ankara,Giyim,Vazo,2,4784.94,9569.88,2024-04,Friday
ORD-000009,2024-05-01,CUST-4953,58,Ankara,Elektronik,Parfüm,3,1872.94,5618.82,2024-05,Wednesday
ORD-000010,2024-08-02,CUST-3381,30,İstanbul,Kozmetik,Güneş Kremi,4,3248.95,12995.8,2024-08,Friday
ORD-000011,2024-11-26,CUST-4713,51,Diğer,Spor,Roman,1,222.01,222.01,2024-11,Tuesday
ORD-000012,2024-03-28,CUST-1968,62,İstanbul,Kozmetik,Mont,4,4449.98,17799.92,2024-03,Thursday
ORD-000013,2024-04-09,CUST-3558,39,Diğer,Ev & Yaşam,Bisiklet,4,3225.91,12903.64,2024-04,Tuesday
ORD-000014,2024-12-25,CUST-2316,40,Antalya,Kitap,Futbol Topu,3,3235.59,9706.77,2024-12,Wednesday
ORD-000015,2024-05-31,CUST-2043,20,İzmir,Giyim,Halı,2,4515.77,9031.54,2024-05,Friday
ORD-000016,2024-05-10,CUST-1281,59,İstanbul,Elektronik,Şiir,1,2566.32,2566.32,2024-05,Friday
ORD-000017,2024-05-29,CUST-3844,51,Ankara,Giyim,Vazo,4,2082.06,8328.24,2024-05,Wednesday
ORD-000018,2024-11-04,CUST-4072,49,Ankara,Kitap,Perde,3,4337.34,13012.02,2024-11,Monday
ORD-000019,2024-09-14,CUST-3166,62,İstanbul,Elektronik,Yoga Matı,2,3724.98,7449.96,2024-09,Saturday
ORD-000020,2024-12-09,CUST-2058,38,Antalya,Kitap,Perde,4,4747.43,18989.72,2024-12,Monday
ORD-000021,2024-10-20,CUST-1197,63,Diğer,Giyim,Mont,3,4703.6,14110.8,2024-10,Sunday
ORD-000022,2024-07-10,CUST-3532,61,İzmir,Ev & Yaşam,Ayna,3,1942.51,5827.53,2024-07,Wednesday
ORD-000023,2024-10-03,CUST-4828,38,Adana,Giyim,Mont,3,2262.58,6787.74,2024-10,Thursday
ORD-000024,2024-06-09,CUST-2082,61,İstanbul,Giyim,Koşu Bandı,1,1317.13,1317.13,2024-06,Sunday
ORD-000025,2024-11-09,CUST-3884,28,Ankara,Giyim,Şiir,2,3320.21,6640.42,2024-11,Saturday
ORD-000026,2024-01-22,CUST-2184,56,İstanbul,Spor,Nemlendirici,4,1854.48,7417.92,2024-01,Monday
ORD-000027,2024-09-09,CUST-2008,21,Bursa,Kitap,Elbise,2,3941.2,7882.4,2024-09,Monday
ORD-000028,2024-08-23,CUST-3738,18,Diğer,Kitap,Ders Kitabı,2,651.68,1303.36,2024-08,Friday
ORD-000029,2024-12-10,CUST-2229,45,Antalya,Kozmetik,Şiir,4,626.19,2504.76,2024-12,Tuesday
ORD-000030,2024-02-18,CUST-2035,41,İstanbul,Kitap,Mont,2,1062.05,2124.1,2024-02,Sunday
ORD-000031,2024-02-28,CUST-1489,52,Ankara,Kozmetik,Yoga Matı,1,467.25,467.25,2024-02,Wednesday
ORD-000032,2024-06-18,CUST-1275,30,İzmir,Spor,Tablet,4,3119.16,12476.64,2024-06,Tuesday
ORD-000033,2024-07-06,CUST-3740,64,Ankara,Ev & Yaşam,Şiir,4,779.4,3117.6,2024-07,Saturday
ORD-000034,2024-09-27,CUST-3289,51,Kayseri,Kozmetik,Şiir,3,841.82,2525.46,2024-09,Friday
ORD-000035,2024-07-08,CUST-2239,28,Gaziantep,Giyim,Halter Seti,2,120.43,240.86,2024-07,Monday
ORD-000036,2024-06-23,CUST-2274,53,Bursa,Ev & Yaşam,Halter Seti,4,3921.35,15685.4,2024-06,Sunday
ORD-000037,2024-02-20,CUST-4882,34,Ankara,Spor,Halı,4,4070.87,16283.48,2024-02,Tuesday
ORD-000038,2024-12-29,CUST-1125,52,İstanbul,Kitap,Yoga Matı,1,852.01,852.01,2024-12,Sunday
ORD-000039,2024-02-24,CUST-1216,35,İstanbul,Kozmetik,Ders Kitabı,3,3710.65,11131.95,2024-02,Saturday
ORD-000040,2024-08-31,CUST-4377,57,Ankara,Giyim,Mont,4,2196.05,8784.2,2024-08,Saturday
ORD-000041,2024-11-15,CUST-4868,39,Ankara,Elektronik,Smartwatch,1,1235.99,1235.99,2024-11,Friday
ORD-000042,2024-05-10,CUST-2208,41,Antalya,Elektronik,Halı,4,3125.85,12503.4,2024-05,Friday
ORD-000043,2024-11-02,CUST-4110,36,Antalya,Ev & Yaşam,Mont,4,933.5,3734.0,2024-11,Saturday
ORD-000044,2024-05-14,CUST-2246,54,İstanbul,Kitap,Kulaklık,4,3796.57,15186.28,2024-05,Tuesday
ORD-000045,2024-01-21,CUST-4255,56,Ankara,Elektronik,Laptop,1,285.7,285.7,2024-01,Sunday
ORD-000046,2024-11-24,CUST-3542,38,İstanbul,Ev & Yaşam,Kulaklık,2,4797.7,9595.4,2024-11,Sunday
ORD-000047,2024-06-15,CUST-3474,25,İstanbul,Spor,Ruj,4,405.78,1623.12,2024-06,Saturday
ORD-000048,2024-09-30,CUST-4249,45,Kayseri,Ev & Yaşam,Mont,4,2918.27,11673.08,2024-09,Monday
ORD-000049,2024-03-29,CUST-1918,22,İstanbul,Ev & Yaşam,Halı,2,4515.86,9031.72,2024-03,Friday
ORD-000050,2024-11-11,CUST-4499,34,Ankara,Ev & Yaşam,Perde,4,108.93,435.72,2024-11,Monday
ORD-000051,2024-01-14,CUST-2317,54,İstanbul,Giyim,Tablet,3,2517.65,7552.95,2024-01,Sunday
ORD-000052,2024-08-29,CUST-4923,53,Eskişehir,Ev & Yaşam,Mont,4,1782.53,7130.12,2024-08,Thursday
ORD-000053,2024-09-21,CUST-3198,36,İzmir,Kozmetik,Maskara,3,2922.64,8767.92,2024-09,Saturday
ORD-000054,2024-12-11,CUST-3431,44,İstanbul,Ev & Yaşam,Smartwatch,2,1166.01,2332.02,2024-12,Wednesday
ORD-000055,2024-02-22,CUST-2661,51,İzmir,Giyim,Bisiklet,1,371.25,371.25,2024-02,Thursday
ORD-000056,2024-12-05,CUST-4884,28,Adana,Giyim,Perde,2,3148.37,6296.74,2024-12,Thursday
ORD-000057,2024-04-01,CUST-1307,62,Diğer,Spor,Ders Kitabı,4,2113.4,8453.6,2024-04,Monday
ORD-000058,2024-09-20,CUST-2359,64,İstanbul,Kitap,Laptop,3,3131.3,9393.9,2024-09,Friday
ORD-000059,2024-02-04,CUST-2969,29,Diğer,Elektronik,Bisiklet,1,1092.17,1092.17,2024-02,Sunday
ORD-000060,2024-07-24,CUST-3793,38,Diğer,Elektronik,Lambader,4,1726.77,6907.08,2024-07,Wednesday
ORD-000061,2024-03-21,CUST-1891,28,Diğer,Ev & Yaşam,Parfüm,1,2830.32,2830.32,2024-03,Thursday
ORD-000062,2024-02-19,CUST-1374,56,Bursa,Spor,Ayakkabı,1,2985.91,2985.91,2024-02,Monday
ORD-000063,2024-12-25,CUST-4079,45,Bursa,Ev & Yaşam,Ayna,4,1892.96,7571.84,2024-12,Wednesday
ORD-000064,2024-01-02,CUST-3033,22,Ankara,Elektronik,Ayakkabı,2,1436.26,2872.52,2024-01,Tuesday
ORD-000065,2024-02-23,CUST-2364,34,Konya,Giyim,Mont,4,1404.82,5619.28,2024-02,Friday
ORD-000066,2024-04-15,CUST-1128,37,İzmir,Kitap,Maskara,4,914.76,3659.04,2024-04,Monday
ORD-000067,2024-09-16,CUST-2014,58,Antalya,Spor,Güneş Kremi,2,1660.75,3321.5,2024-09,Monday
ORD-000068,2024-11-05,CUST-2799,63,Ankara,Giyim,Smartwatch,3,1037.23,3111.69,2024-11,Tuesday
ORD-000069,2024-07-09,CUST-3716,29,Adana,Kitap,Kulaklık,4,3187.39,12749.56,2024-07,Tuesday
ORD-000070,2024-08-05,CUST-4423,23,Kayseri,Spor,Halı,1,2866.88,2866.88,2024-08,Monday
ORD-000071,2024-02-13,CUST-2381,34,İstanbul,Spor,Güneş Kremi,4,1943.81,7775.24,2024-02,Tuesday
ORD-000072,2024-06-10,CUST-1516,36,Kayseri,Elektronik,Halter Seti,4,1662.86,6651.44,2024-06,Monday
ORD-000073,2024-07-20,CUST-2518,43,İzmir,Giyim,Ayna,1,1226.19,1226.19,2024-07,Saturday
ORD-000074,2024-09-26,CUST-1085,61,Kayseri,Spor,Bilim Kurgu,2,2700.52,5401.04,2024-09,Thursday
ORD-000075,2024-12-16,CUST-2198,61,Ankara,Kozmetik,Ayakkabı,3,4598.57,13795.71,2024-12,Monday
ORD-000076,2024-10-30,CUST-4873,49,Ankara,Spor,Elbise,3,3444.23,10332.69,2024-10,Wednesday
ORD-000077,2024-09-27,CUST-4264,23,Diğer,Kitap,Smartwatch,1,3734.85,3734.85,2024-09,Friday
ORD-000078,2024-08-02,CUST-3358,53,İstanbul,Elektronik,Koşu Bandı,2,4180.17,8360.34,2024-08,Friday
ORD-000079,2024-09-08,CUST-2142,55,Kayseri,Ev & Yaşam,Güneş Kremi,4,1790.59,7162.36,2024-09,Sunday
ORD-000080,2024-07-08,CUST-4289,28,Ankara,Elektronik,Maskara,4,361.24,1444.96,2024-07,Monday
ORD-000081,2024-10-22,CUST-3474,50,İzmir,Ev & Yaşam,Laptop,4,3131.67,12526.68,2024-10,Tuesday
ORD-000082,2024-07-31,CUST-2993,41,İstanbul,Giyim,Şiir,4,983.93,3935.72,2024-07,Wednesday
ORD-000083,2024-07-26,CUST-4485,40,İzmir,Giyim,Halı,4,2866.77,11467.08,2024-07,Friday
ORD-000084,2024-08-24,CUST-3161,32,İstanbul,Spor,Ayna,1,3710.58,3710.58,2024-08,Saturday
ORD-000085,2024-12-03,CUST-4216,44,İstanbul,Kozmetik,Yoga Matı,4,3929.01,15716.04,2024-12,Tuesday
ORD-000086,2024-02-22,CUST-4609,28,İstanbul,Giyim,Kulaklık,4,1544.1,6176.4,2024-02,Thursday
ORD-000087,2024-10-06,CUST-4719,34,İstanbul,Spor,Smartwatch,2,2586.54,5173.08,2024-10,Sunday
ORD-000088,2024-08-04,CUST-1302,31,Diğer,Elektronik,Bilim Kurgu,4,3123.78,12495.12,2024-08,Sunday
ORD-000089,2024-09-08,CUST-3791,44,Diğer,Giyim,Ayna,3,4106.43,12319.29,2024-09,Sunday
ORD-000090,2024-07-06,CUST-4952,35,Ankara,Elektronik,Smartwatch,1,3818.87,3818.87,2024-07,Saturday
ORD-000091,2024-02-10,CUST-1587,45,Adana,Elektronik,Güneş Kremi,1,4940.48,4940.48,2024-02,Saturday
ORD-000092,2024-06-05,CUST-1986,64,İstanbul,Kozmetik,Yoga Matı,1,90.02,90.02,2024-06,Wednesday
ORD-000093,2024-01-15,CUST-2863,64,Antalya,Giyim,Halı,3,2215.57,6646.71,2024-01,Monday
ORD-000094,2024-10-27,CUST-1344,21,Gaziantep,Elektronik,Ders Kitabı,4,1317.42,5269.68,2024-10,Sunday
ORD-000095,2024-03-05,CUST-1813,24,Diğer,Kozmetik,Koşu Bandı,1,643.47,643.47,2024-03,Tuesday
ORD-000096,2024-12-10,CUST-2987,62,Ankara,Kozmetik,Ayakkabı,3,4562.0,13686.0,2024-12,Tuesday
ORD-000097,2024-11-22,CUST-3848,52,Gaziantep,Giyim,Nemlendirici,2,4989.91,9979.82,2024-11,Friday
ORD-000098,2024-01-09,CUST-4072,26,İstanbul,Kozmetik,Biyografi,4,943.95,3775.8,2024-01,Tuesday
ORD-000099,2024-12-09,CUST-4218,25,Diğer,Giyim,Halter Seti,3,240.25,720.75,2024-12,Monday
ORD-000100,2024-05-08,CUST-2310,62,İstanbul,Giyim,Smartwatch,4,1411.52,5646.08,2024-05,Wednesday
ORD-000101,2024-05-15,CUST-2999,34,Bursa,Ev & Yaşam,Elbise,2,4182.57,8365.14,2024-05,Wednesday
ORD-000102,2024-03-03,CUST-2677,34,Antalya,Elektronik,Şiir,3,1504.76,4514.28,2024-03,Sunday
ORD-000103,2024-05-18,CUST-4124,50,Antalya,Kitap,Telefon,4,331.66,1326.64,2024-05,Saturday
ORD-000104,2024-03-21,CUST-2327,49,İstanbul,Giyim,Maskara,3,309.84,929.52,2024-03,Thursday
ORD-000105,2024-06-11,CUST-2092,25,Diğer,Elektronik,Mont,1,2165.74,2165.74,2024-06,Tuesday
ORD-000106,2024-10-15,CUST-3408,36,İstanbul,Kozmetik,Halı,4,4662.54,18650.16,2024-10,Tuesday
ORD-000107,2024-09-17,CUST-4673,55,Bursa,Spor,Tablet,3,1465.31,4395.93,2024-09,Tuesday
ORD-000108,2024-08-18,CUST-4291,20,İstanbul,Giyim,Bisiklet,1,2164.43,2164.43,2024-08,Sunday
ORD-000109,2024-02-10,CUST-2009,22,İstanbul,Kozmetik,Bilim Kurgu,2,554.57,1109.14,2024-02,Saturday
ORD-000110,2024-01-28,CUST-1703,30,İzmir,Kozmetik,Kot Pantolon,4,2493.19,9972.76,2024-01,Sunday
ORD-000111,2024-05-14,CUST-1574,64,Ankara,Kozmetik,Kulaklık,4,3497.91,13991.64,2024-05,Tuesday
ORD-000112,2024-07-19,CUST-2608,63,İstanbul,Kozmetik,Vazo,2,1392.19,2784.38,2024-07,Friday
ORD-000113,2024-11-23,CUST-4232,48,İstanbul,Kozmetik,Roman,1,1518.72,1518.72,2024-11,Saturday
ORD-000114,2024-09-24,CUST-4752,33,Ankara,Giyim,Ders Kitabı,2,4217.78,8435.56,2024-09,Tuesday
ORD-000115,2024-02-02,CUST-2112,49,Konya,Kitap,Laptop,4,101.3,405.2,2024-02,Friday
ORD-000116,2024-02-17,CUST-1687,39,Diğer,Ev & Yaşam,Halı,3,3200.53,9601.59,2024-02,Saturday
ORD-000117,2024-03-02,CUST-3828,46,İstanbul,Kozmetik,Nemlendirici,1,1999.73,1999.73,2024-03,Saturday
ORD-000118,2024-08-03,CUST-3632,39,Ankara,Kozmetik,Ruj,1,1526.98,1526.98,2024-08,Saturday
ORD-000119,2024-10-19,CUST-4828,60,İstanbul,Ev & Yaşam,Tişört,1,3305.09,3305.09,2024-10,Saturday
ORD-000120,2024-04-08,CUST-3636,20,İstanbul,Giyim,Smartwatch,2,4181.61,8363.22,2024-04,Monday
ORD-000121,2024-06-20,CUST-4230,27,Antalya,Elektronik,Elbise,2,2814.04,5628.08,2024-06,Thursday
ORD-000122,2024-12-25,CUST-1488,59,Bursa,Spor,Parfüm,3,203.92,611.76,2024-12,Wednesday
ORD-000123,2024-08-01,CUST-4018,38,İstanbul,Spor,Ders Kitabı,3,2333.94,7001.82,2024-08,Thursday
ORD-000124,2024-02-04,CUST-2347,33,İstanbul,Elektronik,Elbise,1,2340.66,2340.66,2024-02,Sunday
ORD-000125,2024-08-14,CUST-4681,29,İstanbul,Giyim,Ayna,3,2741.8,8225.4,2024-08,Wednesday
ORD-000126,2024-04-10,CUST-4452,19,Kayseri,Spor,Futbol Topu,2,3371.25,6742.5,2024-04,Wednesday
ORD-000127,2024-05-10,CUST-4173,58,Diğer,Ev & Yaşam,Parfüm,3,145.63,436.89,2024-05,Friday
ORD-000128,2024-09-13,CUST-1493,41,İstanbul,Elektronik,Güneş Kremi,2,2534.96,5069.92,2024-09,Friday
ORD-000129,2024-01-05,CUST-2667,52,İstanbul,Kitap,Vazo,3,2962.12,8886.36,2024-01,Friday
ORD-000130,2024-08-05,CUST-2637,47,Eskişehir,Giyim,Elbise,4,1749.6,6998.4,2024-08,Monday
ORD-000131,2024-09-11,CUST-1018,47,Diğer,Elektronik,Smartwatch,2,3358.41,6716.82,2024-09,Wednesday
ORD-000132,2024-12-24,CUST-4525,64,Ankara,Spor,Roman,4,1179.48,4717.92,2024-12,Tuesday
ORD-000133,2024-10-09,CUST-4553,52,İstanbul,Giyim,Koşu Bandı,2,1620.99,3241.98,2024-10,Wednesday
ORD-000134,2024-07-25,CUST-4665,36,İstanbul,Ev & Yaşam,Laptop,3,4815.64,14446.92,2024-07,Thursday
ORD-000135,2024-01-15,CUST-3444,25,İzmir,Giyim,Laptop,4,1772.95,7091.8,2024-01,Monday
ORD-000136,2024-12-11,CUST-2000,43,Ankara,Giyim,Vazo,3,1765.18,5295.54,2024-12,Wednesday
ORD-000137,2024-02-11,CUST-4350,57,İstanbul,Ev & Yaşam,Kot Pantolon,2,2998.62,5997.24,2024-02,Sunday
ORD-000138,2024-06-27,CUST-1850,24,İzmir,Kozmetik,Güneş Kremi,4,4856.33,19425.32,2024-06,Thursday
ORD-000139,2024-03-03,CUST-2388,47,İstanbul,Ev & Yaşam,Nemlendirici,1,4916.25,4916.25,2024-03,Sunday
ORD-000140,2024-12-17,CUST-2354,24,Gaziantep,Giyim,Perde,3,2919.31,8757.93,2024-12,Tuesday
ORD-000141,2024-08-18,CUST-4712,20,İstanbul,Ev & Yaşam,Ayakkabı,2,55.38,110.76,2024-08,Sunday
ORD-000142,2024-08-28,CUST-2367,18,İstanbul,Kozmetik,Halı,4,4508.25,18033.0,2024-08,Wednesday
ORD-000143,2024-02-21,CUST-1821,53,İzmir,Elektronik,Parfüm,3,2872.68,8618.04,2024-02,Wednesday
ORD-000144,2024-04-05,CUST-1454,42,Ankara,Ev & Yaşam,Laptop,4,1861.68,7446.72,2024-04,Friday
ORD-000145,2024-08-09,CUST-2624,54,Diğer,Ev & Yaşam,Roman,3,4154.52,12463.56,2024-08,Friday
ORD-000146,2024-08-18,CUST-3772,18,İzmir,Giyim,Kot Pantolon,3,2029.17,6087.51,2024-08,Sunday
ORD-000147,2024-08-24,CUST-4726,32,İstanbul,Elektronik,Bisiklet,3,218.52,655.56,2024-08,Saturday
ORD-000148,2024-05-22,CUST-4136,54,Adana,Kitap,Koşu Bandı,4,4114.31,16457.24,2024-05,Wednesday
ORD-000149,2024-06-19,CUST-4147,30,İstanbul,Kitap,Smartwatch,4,2752.0,11008.0,2024-06,Wednesday
ORD-000150,2024-01-29,CUST-1710,57,Diğer,Spor,Lambader,3,1723.81,5171.43,2024-01,Monday
ORD-000151,2024-02-05,CUST-3190,25,Ankara,Ev & Yaşam,Halı,1,1291.92,1291.92,2024-02,Monday
ORD-000152,2024-01-13,CUST-1916,22,İzmir,Ev & Yaşam,Nemlendirici,1,2989.3,2989.3,2024-01,Saturday
ORD-000153,2024-06-08,CUST-4986,26,İstanbul,Elektronik,Telefon,1,1079.85,1079.85,2024-06,Saturday
ORD-000154,2024-11-22,CUST-3875,18,Ankara,Kozmetik,Parfüm,2,1653.06,3306.12,2024-11,Friday
ORD-000155,2024-07-05,CUST-3652,53,Kayseri,Kitap,Maskara,1,3200.83,3200.83,2024-07,Friday
ORD-000156,2024-08-30,CUST-2496,52,Gaziantep,Spor,Halter Seti,4,4413.65,17654.6,2024-08,Friday
ORD-000157,2024-03-26,CUST-2440,19,İstanbul,Elektronik,Parfüm,1,2687.81,2687.81,2024-03,Tuesday
ORD-000158,2024-10-10,CUST-1304,57,İstanbul,Ev & Yaşam,Güneş Kremi,4,3807.58,15230.32,2024-10,Thursday
ORD-000159,2024-03-06,CUST-1735,40,Gaziantep,Kitap,Futbol Topu,2,3827.15,7654.3,2024-03,Wednesday
ORD-000160,2024-06-18,CUST-4568,26,Diğer,Spor,Lambader,4,3338.55,13354.2,2024-06,Tuesday
ORD-000161,2024-02-14,CUST-3338,51,İstanbul,Giyim,Tişört,4,1266.9,5067.6,2024-02,Wednesday
ORD-000162,2024-03-02,CUST-2963,63,Ankara,Kitap,Ders Kitabı,4,4340.6,17362.4,2024-03,Saturday
ORD-000163,2024-05-13,CUST-3149,31,İstanbul,Spor,Parfüm,1,2209.56,2209.56,2024-05,Monday
ORD-000164,2024-10-10,CUST-3009,21,Eskişehir,Elektronik,Ayakkabı,3,268.84,806.52,2024-10,Thursday
ORD-000165,2024-01-28,CUST-4338,47,İstanbul,Giyim,Koşu Bandı,4,1260.83,5043.32,2024-01,Sunday
ORD-000166,2024-04-17,CUST-3914,48,İstanbul,Spor,Elbise,1,3839.46,3839.46,2024-04,Wednesday
ORD-000167,2024-02-13,CUST-4015,55,Konya,Spor,Biyografi,1,392.21,392.21,2024-02,Tuesday
ORD-000168,2024-12-05,CUST-4693,28,İstanbul,Ev & Yaşam,Kot Pantolon,1,779.45,779.45,2024-12,Thursday
ORD-000169,2024-10-12,CUST-4021,52,Ankara,Kozmetik,Ayakkabı,3,3486.42,10459.26,2024-10,Saturday
ORD-000170,2024-11-26,CUST-3889,25,Ankara,Kitap,Ayakkabı,3,4468.37,13405.11,2024-11,Tuesday
ORD-000171,2024-05-07,CUST-1961,20,İstanbul,Ev & Yaşam,Kot Pantolon,3,3186.97,9560.91,2024-05,Tuesday
ORD-000172,2024-12-13,CUST-3989,31,Ankara,Giyim,Smartwatch,3,1150.34,3451.02,2024-12,Friday
ORD-000173,2024-08-18,CUST-4848,30,İzmir,Kozmetik,Ruj,2,314.4,628.8,2024-08,Sunday
ORD-000174,2024-07-08,CUST-2026,62,İstanbul,Spor,Bisiklet,3,3094.88,9284.64,2024-07,Monday
ORD-000175,2024-08-12,CUST-3132,49,İzmir,Ev & Yaşam,Bilim Kurgu,3,284.62,853.86,2024-08,Monday
ORD-000176,2024-10-09,CUST-4865,51,Gaziantep,Kozmetik,Yoga Matı,3,3082.97,9248.91,2024-10,Wednesday
ORD-000177,2024-04-30,CUST-3375,62,Konya,Kitap,Telefon,4,1166.62,4666.48,2024-04,Tuesday
ORD-000178,2024-04-25,CUST-3863,36,İstanbul,Giyim,Smartwatch,4,4528.05,18112.2,2024-04,Thursday
ORD-000179,2024-08-20,CUST-2473,55,İstanbul,Elektronik,Laptop,3,2401.71,7205.13,2024-08,Tuesday
ORD-000180,2024-09-15,CUST-3501,33,İstanbul,Ev & Yaşam,Güneş Kremi,2,1158.5,2317.0,2024-09,Sunday
ORD-000181,2024-12-24,CUST-2947,19,Ankara,Giyim,Kulaklık,4,4273.07,17092.28,2024-12,Tuesday
ORD-000182,2024-07-16,CUST-3676,57,Ankara,Elektronik,Elbise,1,1307.48,1307.48,2024-07,Tuesday
ORD-000183,2024-05-16,CUST-4292,34,Antalya,Ev & Yaşam,Yoga Matı,4,1567.67,6270.68,2024-05,Thursday
ORD-000184,2024-11-13,CUST-2177,51,İstanbul,Giyim,Vazo,1,4179.68,4179.68,2024-11,Wednesday
ORD-000185,2024-06-13,CUST-1664,59,İstanbul,Giyim,Bilim Kurgu,4,1578.52,6314.08,2024-06,Thursday
ORD-000186,2024-08-12,CUST-1011,33,Ankara,Kozmetik,Kulaklık,3,2080.31,6240.93,2024-08,Monday
ORD-000187,2024-11-02,CUST-2156,55,Antalya,Ev & Yaşam,Yoga Matı,4,1770.95,7083.8,2024-11,Saturday
ORD-000188,2024-08-21,CUST-1303,19,İstanbul,Giyim,Telefon,3,626.18,1878.54,2024-08,Wednesday
ORD-000189,2024-06-20,CUST-4364,19,Bursa,Spor,Parfüm,3,242.53,727.59,2024-06,Thursday
ORD-000190,2024-05-31,CUST-4022,43,İstanbul,Ev & Yaşam,Smartwatch,4,3636.48,14545.92,2024-05,Friday
ORD-000191,2024-11-10,CUST-4371,30,Diğer,Giyim,Smartwatch,1,3243.43,3243.43,2024-11,Sunday
ORD-000192,2024-06-08,CUST-2763,64,Diğer,Kozmetik,Tablet,1,1447.71,1447.71,2024-06,Saturday
ORD-000193,2024-04-05,CUST-3830,48,İstanbul,Elektronik,Smartwatch,4,1513.22,6052.88,2024-04,Friday
ORD-000194,2024-08-20,CUST-1042,51,İstanbul,Elektronik,Roman,3,4727.78,14183.34,2024-08,Tuesday
ORD-000195,2024-06-28,CUST-1943,56,Ankara,Spor,Koşu Bandı,1,4938.97,4938.97,2024-06,Friday
ORD-000196,2024-04-22,CUST-3390,20,İstanbul,Ev & Yaşam,Ruj,2,2393.5,4787.0,2024-04,Monday
ORD-000197,2024-11-13,CUST-2349,25,Antalya,Kozmetik,Telefon,3,4022.14,12066.42,2024-11,Wednesday
ORD-000198,2024-02-21,CUST-4885,40,Kayseri,Giyim,Smartwatch,4,3696.6,14786.4,2024-02,Wednesday
ORD-000199,2024-09-24,CUST-3545,31,Antalya,Giyim,Laptop,3,1521.72,4565.16,2024-09,Tuesday
ORD-000200,2024-10-21,CUST-3411,44,Kayseri,Elektronik,Tablet,2,339.89,679.78,2024-10,Monday
ORD-000201,2024-04-22,CUST-1890,46,Ankara,Kozmetik,Kot Pantolon,2,755.65,1511.3,2024-04,Monday
ORD-000202,2024-04-10,CUST-3474,56,İstanbul,Spor,Ayakkabı,1,4199.56,4199.56,2024-04,Wednesday
ORD-000203,2024-04-22,CUST-2004,56,Adana,Elektronik,Lambader,2,3669.51,7339.02,2024-04,Monday
ORD-000204,2024-03-21,CUST-1020,18,Ankara,Elektronik,Kulaklık,3,3338.46,10015.38,2024-03,Thursday
ORD-000205,2024-07-05,CUST-1406,34,Antalya,Spor,Ayna,1,696.71,696.71,2024-07,Friday
ORD-000206,2024-04-22,CUST-3666,58,İstanbul,Ev & Yaşam,Biyografi,2,3217.66,6435.32,2024-04,Monday
ORD-000207,2024-01-02,CUST-2014,47,İstanbul,Giyim,Perde,1,3872.15,3872.15,2024-01,Tuesday
ORD-000208,2024-05-09,CUST-1335,30,Diğer,Ev & Yaşam,Bisiklet,1,4309.98,4309.98,2024-05,Thursday
ORD-000209,2024-08-07,CUST-2838,38,İstanbul,Kozmetik,Ayakkabı,4,115.49,461.96,2024-08,Wednesday
ORD-000210,2024-02-23,CUST-4188,36,Diğer,Kitap,Kot Pantolon,1,3438.15,3438.15,2024-02,Friday
ORD-000211,2024-12-08,CUST-2147,36,Diğer,Kitap,Telefon,1,144.53,144.53,2024-12,Sunday
ORD-000212,2024-08-11,CUST-3446,42,Gaziantep,Kitap,Laptop,2,3549.02,7098.04,2024-08,Sunday
ORD-000213,2024-08-12,CUST-3840,39,Antalya,Spor,Şiir,3,3196.33,9588.99,2024-08,Monday
ORD-000214,2024-05-05,CUST-2827,48,İzmir,Elektronik,Maskara,3,784.32,2352.96,2024-05,Sunday
ORD-000215,2024-05-09,CUST-1714,34,Eskişehir,Ev & Yaşam,Ders Kitabı,2,3842.3,7684.6,2024-05,Thursday
ORD-000216,2024-02-22,CUST-1050,40,İstanbul,Giyim,Halter Seti,3,388.32,1164.96,2024-02,Thursday
ORD-000217,2024-06-20,CUST-4854,49,Ankara,Kitap,Telefon,1,4140.67,4140.67,2024-06,Thursday
ORD-000218,2024-08-05,CUST-1323,27,Bursa,Ev & Yaşam,Smartwatch,4,1346.55,5386.2,2024-08,Monday
ORD-000219,2024-06-08,CUST-1788,27,Ankara,Kitap,Bilim Kurgu,1,3459.82,3459.82,2024-06,Saturday
ORD-000220,2024-07-16,CUST-1140,53,Ankara,Kitap,Biyografi,1,4622.26,4622.26,2024-07,Tuesday
ORD-000221,2024-09-03,CUST-1469,25,İstanbul,Giyim,Biyografi,4,1732.14,6928.56,2024-09,Tuesday
ORD-000222,2024-11-19,CUST-1786,37,İzmir,Kozmetik,Elbise,2,2539.33,5078.66,2024-11,Tuesday
ORD-000223,2024-07-21,CUST-2825,49,Eskişehir,Kozmetik,Vazo,1,2342.43,2342.43,2024-07,Sunday
ORD-000224,2024-07-02,CUST-2357,31,İstanbul,Kozmetik,Lambader,1,830.18,830.18,2024-07,Tuesday
ORD-000225,2024-05-02,CUST-2916,45,Diğer,Spor,Tablet,2,2972.04,5944.08,2024-05,Thursday
ORD-000226,2024-09-11,CUST-1963,63,Antalya,Elektronik,Elbise,1,3727.86,3727.86,2024-09,Wednesday
ORD-000227,2024-10-20,CUST-4055,41,Kayseri,Spor,Bilim Kurgu,1,4588.53,4588.53,2024-10,Sunday
ORD-000228,2024-10-06,CUST-1372,32,İzmir,Ev & Yaşam,Kulaklık,3,4261.47,12784.41,2024-10,Sunday
ORD-000229,2024-11-20,CUST-4635,39,Konya,Spor,Mont,2,2574.6,5149.2,2024-11,Wednesday
ORD-000230,2024-04-07,CUST-3541,47,İstanbul,Ev & Yaşam,Halter Seti,1,3609.13,3609.13,2024-04,Sunday
ORD-000231,2024-07-16,CUST-4610,21,Gaziantep,Ev & Yaşam,Parfüm,1,4013.88,4013.88,2024-07,Tuesday
ORD-000232,2024-08-27,CUST-2692,30,İstanbul,Elektronik,Ayakkabı,4,2492.77,9971.08,2024-08,Tuesday
ORD-000233,2024-05-23,CUST-3798,40,Diğer,Giyim,Telefon,4,621.37,2485.48,2024-05,Thursday
ORD-000234,2024-04-06,CUST-2179,25,Diğer,Elektronik,Perde,4,2217.76,8871.04,2024-04,Saturday
ORD-000235,2024-07-19,CUST-3338,35,İstanbul,Kozmetik,Ders Kitabı,1,4220.27,4220.27,2024-07,Friday
ORD-000236,2024-05-03,CUST-2671,29,İstanbul,Kozmetik,Nemlendirici,1,3003.37,3003.37,2024-05,Friday
ORD-000237,2024-07-05,CUST-4215,48,Konya,Spor,Yoga Matı,4,3636.07,14544.28,2024-07,Friday
ORD-000238,2024-11-21,CUST-1105,31,İstanbul,Ev & Yaşam,Nemlendirici,3,967.08,2901.24,2024-11,Thursday
ORD-000239,2024-12-14,CUST-2443,51,Eskişehir,Kitap,Parfüm,3,4823.47,14470.41,2024-12,Saturday
ORD-000240,2024-09-15,CUST-3717,35,İstanbul,Kitap,Ayakkabı,3,2050.2,6150.6,2024-09,Sunday
ORD-000241,2024-05-27,CUST-2681,51,İstanbul,Ev & Yaşam,Laptop,3,3285.5,9856.5,2024-05,Monday
ORD-000242,2024-09-08,CUST-1001,28,Diğer,Elektronik,Tablet,2,143.42,286.84,2024-09,Sunday
ORD-000243,2024-12-11,CUST-3636,58,Antalya,Giyim,Parfüm,4,680.23,2720.92,2024-12,Wednesday
ORD-000244,2024-05-26,CUST-3691,29,Kayseri,Elektronik,Şiir,1,3921.07,3921.07,2024-05,Sunday
ORD-000245,2024-05-27,CUST-3137,32,İstanbul,Ev & Yaşam,Tablet,4,4841.45,19365.8,2024-05,Monday
ORD-000246,2024-12-17,CUST-4416,48,Antalya,Ev & Yaşam,Güneş Kremi,3,1634.27,4902.81,2024-12,Tuesday
ORD-000247,2024-07-17,CUST-1349,46,İzmir,Giyim,Smartwatch,1,234.04,234.04,2024-07,Wednesday
ORD-000248,2024-11-03,CUST-4530,43,Bursa,Spor,Biyografi,2,1836.29,3672.58,2024-11,Sunday
ORD-000249,2024-05-07,CUST-2286,35,Antalya,Spor,Yoga Matı,4,136.47,545.88,2024-05,Tuesday
ORD-000250,2024-02-08,CUST-4422,49,İzmir,Giyim,Ruj,1,1002.25,1002.25,2024-02,Thursday
ORD-000251,2024-12-03,CUST-4179,39,Ankara,Spor,Perde,1,3774.74,3774.74,2024-12,Tuesday
ORD-000252,2024-12-25,CUST-4657,55,İstanbul,Kitap,Ayna,3,4688.59,14065.77,2024-12,Wednesday
ORD-000253,2024-05-08,CUST-2062,34,Konya,Spor,Parfüm,3,482.87,1448.61,2024-05,Wednesday
ORD-000254,2024-09-23,CUST-3956,40,İstanbul,Spor,Ayakkabı,4,2811.61,11246.44,2024-09,Monday
ORD-000255,2024-05-30,CUST-3206,41,Antalya,Spor,Futbol Topu,2,1306.71,2613.42,2024-05,Thursday
ORD-000256,2024-10-24,CUST-4654,25,İstanbul,Kitap,Kot Pantolon,1,738.34,738.34,2024-10,Thursday
ORD-000257,2024-04-08,CUST-4006,58,Bursa,Spor,Halı,3,1133.95,3401.85,2024-04,Monday
ORD-000258,2024-09-19,CUST-3359,23,Konya,Kozmetik,Ders Kitabı,4,2909.93,11639.72,2024-09,Thursday
ORD-000259,2024-09-08,CUST-4312,22,İstanbul,Kitap,Nemlendirici,3,372.42,1117.26,2024-09,Sunday
ORD-000260,2024-05-23,CUST-1444,61,İstanbul,Giyim,Laptop,4,2199.38,8797.52,2024-05,Thursday
ORD-000261,2024-12-11,CUST-3345,46,İstanbul,Elektronik,Ayna,3,719.38,2158.14,2024-12,Wednesday
ORD-000262,2024-04-21,CUST-1951,45,Bursa,Giyim,Halter Seti,2,1399.75,2799.5,2024-04,Sunday
ORD-000263,2024-02-29,CUST-1035,28,Kayseri,Elektronik,Vazo,1,994.23,994.23,2024-02,Thursday
ORD-000264,2024-01-02,CUST-2107,18,İstanbul,Giyim,Bisiklet,3,4420.73,13262.19,2024-01,Tuesday
ORD-000265,2024-10-30,CUST-2475,60,Adana,Kozmetik,Halter Seti,1,3554.66,3554.66,2024-10,Wednesday
ORD-000266,2024-09-10,CUST-4957,36,İstanbul,Elektronik,Ruj,4,4348.89,17395.56,2024-09,Tuesday
ORD-000267,2024-05-19,CUST-2798,26,Ankara,Elektronik,Halter Seti,2,1948.14,3896.28,2024-05,Sunday
ORD-000268,2024-02-06,CUST-2845,44,Diğer,Ev & Yaşam,Elbise,1,1601.4,1601.4,2024-02,Tuesday
ORD-000269,2024-06-08,CUST-2408,51,İstanbul,Elektronik,Ders Kitabı,3,1933.91,5801.73,2024-06,Saturday
ORD-000270,2024-01-09,CUST-2195,61,Ankara,Elektronik,Ayna,1,141.81,141.81,2024-01,Tuesday
ORD-000271,2024-08-20,CUST-2399,21,İstanbul,Ev & Yaşam,Ders Kitabı,1,3637.29,3637.29,2024-08,Tuesday
ORD-000272,2024-04-08,CUST-2708,53,İstanbul,Spor,Kulaklık,4,1781.37,7125.48,2024-04,Monday
ORD-000273,2024-05-26,CUST-2385,35,İstanbul,Spor,Halı,2,1600.95,3201.9,2024-05,Sunday
ORD-000274,2024-10-30,CUST-3606,32,İstanbul,Ev & Yaşam,Ders Kitabı,2,3010.8,6021.6,2024-10,Wednesday
ORD-000275,2024-07-26,CUST-3938,30,Bursa,Kitap,Roman,1,2209.44,2209.44,2024-07,Friday
ORD-000276,2024-05-10,CUST-3188,36,Ankara,Elektronik,Nemlendirici,1,4905.17,4905.17,2024-05,Friday
ORD-000277,2024-05-31,CUST-3934,23,İzmir,Elektronik,Ruj,4,1813.45,7253.8,2024-05,Friday
ORD-000278,2024-02-23,CUST-4989,29,İstanbul,Ev & Yaşam,Laptop,1,3088.78,3088.78,2024-02,Friday
ORD-000279,2024-04-29,CUST-4189,54,İstanbul,Ev & Yaşam,Bisiklet,4,1592.67,6370.68,2024-04,Monday
ORD-000280,2024-06-09,CUST-2300,34,Antalya,Kitap,Lambader,2,4953.45,9906.9,2024-06,Sunday
ORD-000281,2024-04-25,CUST-3773,40,Diğer,Kozmetik,Güneş Kremi,2,2253.3,4506.6,2024-04,Thursday
ORD-000282,2024-03-15,CUST-2243,43,İstanbul,Spor,Vazo,4,3188.94,12755.76,2024-03,Friday
ORD-000283,2024-04-22,CUST-4976,46,Diğer,Giyim,Kulaklık,1,677.27,677.27,2024-04,Monday
ORD-000284,2024-04-13,CUST-4097,50,İzmir,Kozmetik,Güneş Kremi,2,3678.47,7356.94,2024-04,Saturday
ORD-000285,2024-12-05,CUST-1520,44,İzmir,Spor,Nemlendirici,3,1382.59,4147.77,2024-12,Thursday
ORD-000286,2024-09-10,CUST-2806,42,İzmir,Elektronik,Bisiklet,4,2270.64,9082.56,2024-09,Tuesday
ORD-000287,2024-08-14,CUST-1009,27,İstanbul,Kozmetik,Ayna,2,4421.51,8843.02,2024-08,Wednesday
ORD-000288,2024-04-21,CUST-1983,64,İstanbul,Ev & Yaşam,Perde,2,4854.23,9708.46,2024-04,Sunday
ORD-000289,2024-04-08,CUST-3425,40,Bursa,Kitap,Perde,2,2151.63,4303.26,2024-04,Monday
ORD-000290,2024-06-01,CUST-2656,38,İstanbul,Spor,Futbol Topu,3,4182.27,12546.81,2024-06,Saturday
ORD-000291,2024-12-14,CUST-2660,38,Diğer,Kitap,Parfüm,3,314.08,942.24,2024-12,Saturday
ORD-000292,2024-12-03,CUST-3729,60,Ankara,Spor,Telefon,3,4245.49,12736.47,2024-12,Tuesday
ORD-000293,2024-07-12,CUST-3631,30,İstanbul,Kozmetik,Vazo,1,3166.08,3166.08,2024-07,Friday
ORD-000294,2024-11-05,CUST-3199,54,Adana,Elektronik,Roman,4,2469.1,9876.4,2024-11,Tuesday
ORD-000295,2024-06-11,CUST-1719,50,İstanbul,Giyim,Bisiklet,1,4455.32,4455.32,2024-06,Tuesday
ORD-000296,2024-07-26,CUST-2072,41,İzmir,Kitap,Mont,3,4234.42,12703.26,2024-07,Friday
ORD-000297,2024-06-17,CUST-4225,61,Antalya,Kitap,Tablet,4,1519.88,6079.52,2024-06,Monday
ORD-000298,2024-06-09,CUST-1858,28,Diğer,Giyim,Şiir,1,3967.87,3967.87,2024-06,Sunday
ORD-000299,2024-03-08,CUST-2316,34,Gaziantep,Kitap,Halı,1,542.48,542.48,2024-03,Friday
ORD-000300,2024-10-15,CUST-2603,21,Antalya,Kitap,Ayakkabı,1,4122.68,4122.68,2024-10,Tuesday
ORD-000301,2024-10-03,CUST-1049,64,Antalya,Spor,Laptop,3,3393.51,10180.53,2024-10,Thursday
ORD-000302,2024-10-30,CUST-3711,42,Diğer,Spor,Futbol Topu,2,484.94,969.88,2024-10,Wednesday
ORD-000303,2024-05-14,CUST-3578,47,İstanbul,Giyim,Kot Pantolon,4,3431.25,13725.0,2024-05,Tuesday
ORD-000304,2024-07-13,CUST-4683,26,İstanbul,Elektronik,Maskara,3,2923.57,8770.71,2024-07,Saturday
ORD-000305,2024-05-07,CUST-4131,38,İstanbul,Kozmetik,Tişört,4,2993.02,11972.08,2024-05,Tuesday
ORD-000306,2024-02-02,CUST-4238,37,İstanbul,Kozmetik,Ders Kitabı,3,1489.78,4469.34,2024-02,Friday
ORD-000307,2024-06-24,CUST-4273,36,Antalya,Kitap,Tablet,1,1369.16,1369.16,2024-06,Monday
ORD-000308,2024-01-22,CUST-3904,36,Bursa,Elektronik,Ders Kitabı,1,3824.55,3824.55,2024-01,Monday
ORD-000309,2024-08-25,CUST-1145,29,İzmir,Giyim,Biyografi,2,1321.23,2642.46,2024-08,Sunday
ORD-000310,2024-06-06,CUST-1914,54,İstanbul,Giyim,Halı,2,2259.0,4518.0,2024-06,Thursday
ORD-000311,2024-02-07,CUST-4747,59,Adana,Spor,Koşu Bandı,4,3489.21,13956.84,2024-02,Wednesday
ORD-000312,2024-08-17,CUST-4040,34,İstanbul,Kitap,Ayakkabı,2,444.1,888.2,2024-08,Saturday
ORD-000313,2024-12-30,CUST-2462,54,Antalya,Ev & Yaşam,Telefon,2,2993.01,5986.02,2024-12,Monday
ORD-000314,2024-02-20,CUST-3289,56,İzmir,Giyim,Maskara,4,2967.41,11869.64,2024-02,Tuesday
ORD-000315,2024-09-20,CUST-1580,45,İstanbul,Kitap,Yoga Matı,3,3436.93,10310.79,2024-09,Friday
ORD-000316,2024-10-09,CUST-3734,58,İstanbul,Elektronik,Futbol Topu,2,1881.14,3762.28,2024-10,Wednesday
ORD-000317,2024-01-27,CUST-2584,52,İstanbul,Spor,Kulaklık,3,2272.45,6817.35,2024-01,Saturday
ORD-000318,2024-08-13,CUST-1482,64,Kayseri,Kozmetik,Halter Seti,1,1683.35,1683.35,2024-08,Tuesday
ORD-000319,2024-10-03,CUST-4179,35,Diğer,Elektronik,Ayna,2,4050.43,8100.86,2024-10,Thursday
ORD-000320,2024-10-12,CUST-2249,31,Bursa,Giyim,Koşu Bandı,1,696.52,696.52,2024-10,Saturday
ORD-000321,2024-04-06,CUST-1672,52,İstanbul,Giyim,Ayna,1,4816.62,4816.62,2024-04,Saturday
ORD-000322,2024-10-10,CUST-1630,61,Ankara,Elektronik,Kot Pantolon,3,3192.44,9577.32,2024-10,Thursday
ORD-000323,2024-11-12,CUST-3708,58,Adana,Giyim,Tişört,4,4440.19,17760.76,2024-11,Tuesday
ORD-000324,2024-10-30,CUST-1661,24,Konya,Kitap,Biyografi,2,2159.85,4319.7,2024-10,Wednesday
ORD-000325,2024-05-26,CUST-4503,58,İstanbul,Giyim,Lambader,3,1694.78,5084.34,2024-05,Sunday
ORD-000326,2024-01-04,CUST-3852,30,İstanbul,Spor,Güneş Kremi,4,4508.59,18034.36,2024-01,Thursday
ORD-000327,2024-02-04,CUST-4726,35,Adana,Kitap,Ayakkabı,1,539.42,539.42,2024-02,Sunday
ORD-000328,2024-07-10,CUST-3466,54,Ankara,Ev & Yaşam,Yoga Matı,2,629.68,1259.36,2024-07,Wednesday
ORD-000329,2024-02-18,CUST-1987,30,İstanbul,Giyim,Telefon,1,1531.77,1531.77,2024-02,Sunday
ORD-000330,2024-01-17,CUST-4526,53,İstanbul,Giyim,Smartwatch,1,4800.89,4800.89,2024-01,Wednesday
ORD-000331,2024-06-20,CUST-4231,48,İzmir,Spor,Vazo,2,3183.69,6367.38,2024-06,Thursday
ORD-000332,2024-08-07,CUST-2546,19,Eskişehir,Spor,Maskara,4,2793.26,11173.04,2024-08,Wednesday
ORD-000333,2024-06-06,CUST-1649,33,Diğer,Kozmetik,Roman,4,3541.51,14166.04,2024-06,Thursday
ORD-000334,2024-02-15,CUST-1968,26,İzmir,Elektronik,Bisiklet,2,2116.5,4233.0,2024-02,Thursday
ORD-000335,2024-01-06,CUST-3637,26,İzmir,Elektronik,Ayna,2,3802.46,7604.92,2024-01,Saturday
ORD-000336,2024-04-08,CUST-2100,55,İstanbul,Elektronik,Kulaklık,3,1996.49,5989.47,2024-04,Monday
ORD-000337,2024-08-20,CUST-3556,28,İzmir,Spor,Lambader,3,4140.5,12421.5,2024-08,Tuesday
ORD-000338,2024-02-06,CUST-1440,39,Ankara,Elektronik,Yoga Matı,1,1373.11,1373.11,2024-02,Tuesday
ORD-000339,2024-10-06,CUST-4325,50,Bursa,Elektronik,Ruj,2,1423.86,2847.72,2024-10,Sunday
ORD-000340,2024-12-14,CUST-1920,53,Ankara,Ev & Yaşam,Parfüm,4,2635.8,10543.2,2024-12,Saturday
ORD-000341,2024-10-28,CUST-1769,62,İstanbul,Elektronik,Kot Pantolon,1,2182.27,2182.27,2024-10,Monday
ORD-000342,2024-06-29,CUST-2343,40,İstanbul,Giyim,Bisiklet,1,3258.17,3258.17,2024-06,Saturday
ORD-000343,2024-04-04,CUST-2826,62,İstanbul,Kozmetik,Mont,1,1853.24,1853.24,2024-04,Thursday
ORD-000344,2024-04-08,CUST-1262,62,İstanbul,Spor,Tişört,1,1191.23,1191.23,2024-04,Monday
ORD-000345,2024-07-06,CUST-4668,51,İstanbul,Kitap,Ayakkabı,4,2375.55,9502.2,2024-07,Saturday
ORD-000346,2024-04-25,CUST-4729,26,Diğer,Kozmetik,Vazo,1,2826.73,2826.73,2024-04,Thursday
ORD-000347,2024-07-09,CUST-4906,41,Ankara,Ev & Yaşam,Telefon,2,755.87,1511.74,2024-07,Tuesday
ORD-000348,2024-09-09,CUST-2577,25,İzmir,Spor,Parfüm,3,2805.76,8417.28,2024-09,Monday
ORD-000349,2024-06-09,CUST-4445,24,Eskişehir,Spor,Ayna,4,1630.32,6521.28,2024-06,Sunday
ORD-000350,2024-09-12,CUST-3684,53,Diğer,Giyim,Laptop,2,1992.64,3985.28,2024-09,Thursday
ORD-000351,2024-11-18,CUST-4238,35,İzmir,Kozmetik,Güneş Kremi,2,1432.62,2865.24,2024-11,Monday
ORD-000352,2024-05-07,CUST-4824,20,Gaziantep,Kozmetik,Bisiklet,2,4660.48,9320.96,2024-05,Tuesday
ORD-000353,2024-01-18,CUST-3506,45,İstanbul,Elektronik,Ruj,3,3432.51,10297.53,2024-01,Thursday
ORD-000354,2024-10-07,CUST-1998,23,İstanbul,Giyim,Maskara,3,1349.18,4047.54,2024-10,Monday
ORD-000355,2024-08-10,CUST-4351,61,Ankara,Elektronik,Nemlendirici,3,3242.91,9728.73,2024-08,Saturday
ORD-000356,2024-02-23,CUST-1699,61,Antalya,Elektronik,Biyografi,2,4250.43,8500.86,2024-02,Friday
ORD-000357,2024-02-27,CUST-3349,38,Antalya,Spor,Futbol Topu,3,2038.07,6114.21,2024-02,Tuesday
ORD-000358,2024-11-18,CUST-4602,45,İstanbul,Kozmetik,Halı,1,4158.29,4158.29,2024-11,Monday
ORD-000359,2024-12-25,CUST-2603,57,İstanbul,Elektronik,Lambader,3,814.35,2443.05,2024-12,Wednesday
ORD-000360,2024-06-22,CUST-2241,18,Bursa,Ev & Yaşam,Smartwatch,4,4122.77,16491.08,2024-06,Saturday
ORD-000361,2024-10-06,CUST-2125,53,İstanbul,Ev & Yaşam,Lambader,2,2724.46,5448.92,2024-10,Sunday
ORD-000362,2024-04-23,CUST-3601,38,İzmir,Kozmetik,Tişört,2,1153.72,2307.44,2024-04,Tuesday
ORD-000363,2024-10-14,CUST-3335,60,Antalya,Ev & Yaşam,Ruj,1,2065.35,2065.35,2024-10,Monday
ORD-000364,2024-12-07,CUST-2190,52,Adana,Spor,Lambader,3,4940.57,14821.71,2024-12,Saturday
ORD-000365,2024-05-30,CUST-3668,30,Konya,Giyim,Kulaklık,3,3928.6,11785.8,2024-05,Thursday
ORD-000366,2024-05-06,CUST-2005,27,Eskişehir,Kitap,Tablet,4,2896.68,11586.72,2024-05,Monday
ORD-000367,2024-06-03,CUST-1035,61,Ankara,Elektronik,Mont,1,620.06,620.06,2024-06,Monday
ORD-000368,2024-09-29,CUST-1743,64,Adana,Kitap,Telefon,4,2118.17,8472.68,2024-09,Sunday
ORD-000369,2024-04-13,CUST-2764,27,Bursa,Giyim,Şiir,4,1352.1,5408.4,2024-04,Saturday
ORD-000370,2024-10-25,CUST-1352,63,İstanbul,Giyim,Ruj,2,401.46,802.92,2024-10,Friday
ORD-000371,2024-09-02,CUST-4747,30,İstanbul,Spor,Maskara,2,2733.91,5467.82,2024-09,Monday
ORD-000372,2024-06-24,CUST-2922,54,İstanbul,Ev & Yaşam,Nemlendirici,3,4451.47,13354.41,2024-06,Monday
ORD-000373,2024-02-08,CUST-1072,55,Ankara,Ev & Yaşam,Bisiklet,3,3394.22,10182.66,2024-02,Thursday
ORD-000374,2024-06-18,CUST-3695,41,Bursa,Giyim,Ayna,4,1285.92,5143.68,2024-06,Tuesday
ORD-000375,2024-09-03,CUST-2376,19,Kayseri,Spor,Bilim Kurgu,3,2889.24,8667.72,2024-09,Tuesday
ORD-000376,2024-01-26,CUST-2914,39,İstanbul,Spor,Lambader,4,4719.01,18876.04,2024-01,Friday
ORD-000377,2024-12-20,CUST-2093,34,İstanbul,Kozmetik,Şiir,3,3628.43,10885.29,2024-12,Friday
ORD-000378,2024-11-01,CUST-3472,53,Diğer,Elektronik,Lambader,3,3462.9,10388.7,2024-11,Friday
ORD-000379,2024-01-13,CUST-4046,31,İstanbul,Ev & Yaşam,Elbise,2,4842.38,9684.76,2024-01,Saturday
ORD-000380,2024-11-11,CUST-1707,27,Ankara,Giyim,Smartwatch,2,4004.42,8008.84,2024-11,Monday
ORD-000381,2024-11-08,CUST-2804,52,İzmir,Kozmetik,Telefon,2,726.29,1452.58,2024-11,Friday
ORD-000382,2024-02-05,CUST-3608,42,İzmir,Kitap,Elbise,2,1770.79,3541.58,2024-02,Monday
ORD-000383,2024-06-21,CUST-3875,20,İstanbul,Ev & Yaşam,Şiir,1,4827.45,4827.45,2024-06,Friday
ORD-000384,2024-01-20,CUST-4713,64,İstanbul,Elektronik,Yoga Matı,2,2474.04,4948.08,2024-01,Saturday
ORD-000385,2024-11-16,CUST-1955,55,İstanbul,Spor,Bilim Kurgu,1,602.61,602.61,2024-11,Saturday
ORD-000386,2024-09-20,CUST-3564,34,İzmir,Giyim,Smartwatch,2,2320.09,4640.18,2024-09,Friday
ORD-000387,2024-05-21,CUST-3475,29,İzmir,Ev & Yaşam,Koşu Bandı,3,3500.12,10500.36,2024-05,Tuesday
ORD-000388,2024-05-22,CUST-4610,41,İstanbul,Kitap,Perde,4,4987.86,19951.44,2024-05,Wednesday
ORD-000389,2024-04-01,CUST-1159,46,Bursa,Elektronik,Bisiklet,3,1653.33,4959.99,2024-04,Monday
ORD-000390,2024-12-19,CUST-3196,60,Kayseri,Elektronik,Ders Kitabı,3,2594.73,7784.19,2024-12,Thursday
ORD-000391,2024-11-17,CUST-3823,42,İstanbul,Kozmetik,Kot Pantolon,1,4404.42,4404.42,2024-11,Sunday
ORD-000392,2024-10-14,CUST-4301,53,Ankara,Ev & Yaşam,Ayna,2,1808.57,3617.14,2024-10,Monday
ORD-000393,2024-08-02,CUST-2735,43,Antalya,Kitap,Bilim Kurgu,4,590.84,2363.36,2024-08,Friday
ORD-000394,2024-12-07,CUST-2585,55,İstanbul,Elektronik,Halı,4,4747.23,18988.92,2024-12,Saturday
ORD-000395,2024-02-20,CUST-1066,18,İstanbul,Giyim,Halter Seti,2,2467.78,4935.56,2024-02,Tuesday
ORD-000396,2024-06-01,CUST-4061,37,Bursa,Elektronik,Smartwatch,1,2538.78,2538.78,2024-06,Saturday
ORD-000397,2024-07-04,CUST-4883,45,Diğer,Kitap,Şiir,1,3124.94,3124.94,2024-07,Thursday
ORD-000398,2024-03-03,CUST-3428,33,Gaziantep,Spor,Elbise,1,67.51,67.51,2024-03,Sunday
ORD-000399,2024-07-08,CUST-1057,64,İzmir,Spor,Bisiklet,4,4659.1,18636.4,2024-07,Monday
ORD-000400,2024-05-04,CUST-4330,34,Adana,Kozmetik,Ders Kitabı,1,1839.18,1839.18,2024-05,Saturday
ORD-000401,2024-05-29,CUST-1341,57,Ankara,Ev & Yaşam,Kot Pantolon,1,2014.81,2014.81,2024-05,Wednesday
ORD-000402,2024-11-09,CUST-4909,45,Bursa,Kitap,Ders Kitabı,4,911.84,3647.36,2024-11,Saturday
ORD-000403,2024-02-27,CUST-2153,29,Ankara,Kozmetik,Futbol Topu,4,1921.85,7687.4,2024-02,Tuesday
ORD-000404,2024-12-07,CUST-3774,44,İstanbul,Elektronik,Roman,3,4029.52,12088.56,2024-12,Saturday
ORD-000405,2024-10-31,CUST-2195,59,Adana,Elektronik,Perde,4,4009.96,16039.84,2024-10,Thursday
ORD-000406,2024-06-28,CUST-3817,64,İzmir,Spor,Bisiklet,2,4682.19,9364.38,2024-06,Friday
ORD-000407,2024-06-18,CUST-3661,47,Ankara,Kozmetik,Şiir,4,2045.99,8183.96,2024-06,Tuesday
ORD-000408,2024-11-21,CUST-2232,58,Diğer,Spor,Kulaklık,4,3558.17,14232.68,2024-11,Thursday
ORD-000409,2024-09-27,CUST-4874,51,İstanbul,Giyim,Ders Kitabı,1,2560.83,2560.83,2024-09,Friday
ORD-000410,2024-02-23,CUST-3401,54,İstanbul,Spor,Halı,3,4029.91,12089.73,2024-02,Friday
ORD-000411,2024-04-10,CUST-2494,23,İstanbul,Giyim,Tişört,1,3577.08,3577.08,2024-04,Wednesday
ORD-000412,2024-09-20,CUST-2821,24,Konya,Elektronik,Ayakkabı,3,1871.12,5613.36,2024-09,Friday
ORD-000413,2024-02-22,CUST-1115,49,Adana,Kozmetik,Ayakkabı,1,1716.54,1716.54,2024-02,Thursday
ORD-000414,2024-02-29,CUST-4335,49,İstanbul,Giyim,Smartwatch,2,1299.59,2599.18,2024-02,Thursday
ORD-000415,2024-04-17,CUST-1661,42,Antalya,Kozmetik,Ayna,1,2903.75,2903.75,2024-04,Wednesday
ORD-000416,2024-01-05,CUST-4883,50,Ankara,Kozmetik,Yoga Matı,1,4821.02,4821.02,2024-01,Friday
ORD-000417,2024-04-12,CUST-2465,24,Konya,Giyim,Mont,2,1040.33,2080.66,2024-04,Friday
ORD-000418,2024-07-14,CUST-4619,29,Ankara,Ev & Yaşam,Perde,2,521.5,1043.0,2024-07,Sunday
ORD-000419,2024-09-18,CUST-3500,33,Ankara,Spor,Biyografi,4,641.03,2564.12,2024-09,Wednesday
ORD-000420,2024-12-30,CUST-2868,33,Diğer,Giyim,Smartwatch,1,3926.34,3926.34,2024-12,Monday
ORD-000421,2024-12-15,CUST-4548,60,İstanbul,Elektronik,Lambader,2,1783.02,3566.04,2024-12,Sunday
ORD-000422,2024-02-16,CUST-3334,53,İstanbul,Kozmetik,Halı,2,1160.62,2321.24,2024-02,Friday
ORD-000423,2024-12-20,CUST-4374,30,İzmir,Kitap,Futbol Topu,4,1796.58,7186.32,2024-12,Friday
ORD-000424,2024-11-06,CUST-2016,24,Diğer,Giyim,Vazo,3,3244.39,9733.17,2024-11,Wednesday
ORD-000425,2024-11-03,CUST-1310,53,Ankara,Spor,Bisiklet,2,2756.6,5513.2,2024-11,Sunday
ORD-000426,2024-05-23,CUST-1207,64,İstanbul,Kozmetik,Kulaklık,2,3730.77,7461.54,2024-05,Thursday
ORD-000427,2024-09-25,CUST-3665,26,İstanbul,Ev & Yaşam,Telefon,1,1728.42,1728.42,2024-09,Wednesday
ORD-000428,2024-05-03,CUST-3493,49,İzmir,Elektronik,Şiir,4,2287.54,9150.16,2024-05,Friday
ORD-000429,2024-04-15,CUST-3717,28,İstanbul,Ev & Yaşam,Futbol Topu,1,554.74,554.74,2024-04,Monday
ORD-000430,2024-06-06,CUST-1632,25,Antalya,Kitap,Futbol Topu,3,411.64,1234.92,2024-06,Thursday
ORD-000431,2024-05-26,CUST-3102,50,Diğer,Giyim,Mont,4,2338.16,9352.64,2024-05,Sunday
ORD-000432,2024-05-24,CUST-3959,40,Ankara,Kozmetik,Tişört,1,1542.9,1542.9,2024-05,Friday
ORD-000433,2024-04-29,CUST-4083,42,Ankara,Giyim,Roman,2,3083.36,6166.72,2024-04,Monday
ORD-000434,2024-11-14,CUST-1656,25,Ankara,Spor,Tablet,2,262.86,525.72,2024-11,Thursday
ORD-000435,2024-10-01,CUST-2423,62,İstanbul,Giyim,Güneş Kremi,4,652.74,2610.96,2024-10,Tuesday
ORD-000436,2024-04-01,CUST-2931,39,Diğer,Elektronik,Kot Pantolon,2,4332.69,8665.38,2024-04,Monday
ORD-000437,2024-02-27,CUST-4719,21,Ankara,Kitap,Ayna,1,2853.24,2853.24,2024-02,Tuesday
ORD-000438,2024-12-11,CUST-4027,57,Ankara,Ev & Yaşam,Smartwatch,4,3574.67,14298.68,2024-12,Wednesday
ORD-000439,2024-08-16,CUST-3562,20,Antalya,Kitap,Ruj,2,4217.76,8435.52,2024-08,Friday
ORD-000440,2024-04-26,CUST-2679,46,Ankara,Kozmetik,Perde,2,2345.98,4691.96,2024-04,Friday
ORD-000441,2024-11-13,CUST-4613,58,Bursa,Giyim,Bisiklet,3,3817.25,11451.75,2024-11,Wednesday
ORD-000442,2024-10-05,CUST-1236,46,İstanbul,Kozmetik,Telefon,3,2646.7,7940.1,2024-10,Saturday
ORD-000443,2024-05-06,CUST-4350,51,Gaziantep,Ev & Yaşam,Şiir,4,1152.61,4610.44,2024-05,Monday
ORD-000444,2024-05-08,CUST-1347,51,Diğer,Kozmetik,Yoga Matı,3,1721.4,5164.2,2024-05,Wednesday
ORD-000445,2024-02-27,CUST-3674,45,Bursa,Spor,Halter Seti,1,2477.23,2477.23,2024-02,Tuesday
ORD-000446,2024-05-01,CUST-4175,30,Diğer,Kitap,Perde,2,1618.58,3237.16,2024-05,Wednesday
ORD-000447,2024-01-01,CUST-1629,32,İstanbul,Ev & Yaşam,Koşu Bandı,2,1710.86,3421.72,2024-01,Monday
ORD-000448,2024-08-26,CUST-2540,40,Ankara,Ev & Yaşam,Mont,2,1720.09,3440.18,2024-08,Monday
ORD-000449,2024-10-16,CUST-3003,61,Bursa,Ev & Yaşam,Telefon,4,658.06,2632.24,2024-10,Wednesday
ORD-000450,2024-04-05,CUST-4943,43,İzmir,Elektronik,Mont,4,468.98,1875.92,2024-04,Friday
ORD-000451,2024-05-05,CUST-2271,21,Ankara,Kitap,Halı,3,280.16,840.48,2024-05,Sunday
ORD-000452,2024-04-27,CUST-1363,43,İstanbul,Kozmetik,Güneş Kremi,2,599.23,1198.46,2024-04,Saturday
ORD-000453,2024-02-17,CUST-3368,57,İstanbul,Ev & Yaşam,Halı,2,1751.35,3502.7,2024-02,Saturday
ORD-000454,2024-03-29,CUST-4704,26,Ankara,Kitap,Laptop,2,2989.67,5979.34,2024-03,Friday
ORD-000455,2024-08-24,CUST-1285,22,İstanbul,Ev & Yaşam,Bisiklet,2,981.33,1962.66,2024-08,Saturday
ORD-000456,2024-09-28,CUST-1148,49,Adana,Spor,Şiir,2,4445.64,8891.28,2024-09,Saturday
ORD-000457,2024-07-07,CUST-2107,37,İstanbul,Spor,Vazo,1,4051.49,4051.49,2024-07,Sunday
ORD-000458,2024-07-10,CUST-3453,28,İstanbul,Spor,Tablet,2,2626.61,5253.22,2024-07,Wednesday
ORD-000459,2024-03-09,CUST-4025,32,İzmir,Giyim,Roman,1,3634.84,3634.84,2024-03,Saturday
ORD-000460,2024-10-04,CUST-1455,49,İzmir,Ev & Yaşam,Yoga Matı,2,1863.33,3726.66,2024-10,Friday
ORD-000461,2024-12-14,CUST-2766,45,Eskişehir,Giyim,Nemlendirici,4,232.05,928.2,2024-12,Saturday
ORD-000462,2024-09-03,CUST-1799,39,İzmir,Kitap,Perde,4,4526.45,18105.8,2024-09,Tuesday
ORD-000463,2024-03-16,CUST-2184,58,İstanbul,Giyim,Maskara,1,682.58,682.58,2024-03,Saturday
ORD-000464,2024-06-02,CUST-2012,34,Gaziantep,Kitap,Kulaklık,2,4742.29,9484.58,2024-06,Sunday
ORD-000465,2024-05-23,CUST-3831,43,İzmir,Kitap,Güneş Kremi,4,2880.82,11523.28,2024-05,Thursday
ORD-000466,2024-03-26,CUST-3507,61,İstanbul,Kitap,Parfüm,4,1562.54,6250.16,2024-03,Tuesday
ORD-000467,2024-07-03,CUST-4621,24,İzmir,Kozmetik,Tablet,2,2502.85,5005.7,2024-07,Wednesday
ORD-000468,2024-10-11,CUST-2523,59,Diğer,Giyim,Smartwatch,2,2533.07,5066.14,2024-10,Friday
ORD-000469,2024-08-07,CUST-3785,43,Ankara,Kozmetik,Lambader,4,165.27,661.08,2024-08,Wednesday
ORD-000470,2024-03-09,CUST-3556,42,İstanbul,Ev & Yaşam,Nemlendirici,2,1809.53,3619.06,2024-03,Saturday
ORD-000471,2024-02-16,CUST-4725,27,İstanbul,Giyim,Biyografi,3,3712.34,11137.02,2024-02,Friday
ORD-000472,2024-04-03,CUST-4875,62,İstanbul,Ev & Yaşam,Smartwatch,2,2574.84,5149.68,2024-04,Wednesday
ORD-000473,2024-08-25,CUST-1480,36,Ankara,Ev & Yaşam,Bisiklet,4,1258.94,5035.76,2024-08,Sunday
ORD-000474,2024-07-22,CUST-2686,28,İzmir,Kitap,Nemlendirici,4,1708.79,6835.16,2024-07,Monday
ORD-000475,2024-08-05,CUST-3161,30,İstanbul,Giyim,Smartwatch,1,4322.12,4322.12,2024-08,Monday
ORD-000476,2024-12-06,CUST-3796,25,Diğer,Ev & Yaşam,Biyografi,3,2651.47,7954.41,2024-12,Friday
ORD-000477,2024-02-08,CUST-2601,57,Konya,Spor,Perde,4,2665.34,10661.36,2024-02,Thursday
ORD-000478,2024-04-09,CUST-3408,21,İzmir,Ev & Yaşam,Parfüm,3,4809.26,14427.78,2024-04,Tuesday
ORD-000479,2024-10-15,CUST-1340,64,Kayseri,Spor,Kulaklık,2,1638.36,3276.72,2024-10,Tuesday
ORD-000480,2024-09-10,CUST-3817,48,İstanbul,Giyim,Kulaklık,4,2423.73,9694.92,2024-09,Tuesday
ORD-000481,2024-08-09,CUST-3010,45,Ankara,Kozmetik,Halter Seti,1,4067.98,4067.98,2024-08,Friday
ORD-000482,2024-12-22,CUST-3808,28,Bursa,Giyim,Futbol Topu,4,3806.62,15226.48,2024-12,Sunday
ORD-000483,2024-01-23,CUST-4016,60,Kayseri,Kozmetik,Ruj,1,1365.71,1365.71,2024-01,Tuesday
ORD-000484,2024-09-06,CUST-3496,18,Gaziantep,Kozmetik,Smartwatch,3,797.9,2393.7,2024-09,Friday
ORD-000485,2024-01-10,CUST-2866,64,İstanbul,Giyim,Nemlendirici,1,3518.49,3518.49,2024-01,Wednesday
ORD-000486,2024-09-02,CUST-1834,55,Diğer,Ev & Yaşam,Laptop,2,1325.4,2650.8,2024-09,Monday
ORD-000487,2024-11-20,CUST-2203,41,İstanbul,Elektronik,Koşu Bandı,2,4617.25,9234.5,2024-11,Wednesday
ORD-000488,2024-04-09,CUST-2725,64,Eskişehir,Ev & Yaşam,Roman,2,689.78,1379.56,2024-04,Tuesday
ORD-000489,2024-10-16,CUST-4478,48,Diğer,Ev & Yaşam,Ayakkabı,4,1625.66,6502.64,2024-10,Wednesday
ORD-000490,2024-06-28,CUST-2689,58,İstanbul,Kitap,Kot Pantolon,2,321.2,642.4,2024-06,Friday
ORD-000491,2024-08-10,CUST-4267,63,Adana,Kitap,Tablet,2,3531.36,7062.72,2024-08,Saturday
ORD-000492,2024-09-06,CUST-4537,43,İstanbul,Ev & Yaşam,Koşu Bandı,4,4461.75,17847.0,2024-09,Friday
ORD-000493,2024-05-26,CUST-1310,22,Ankara,Spor,Ayna,3,3197.58,9592.74,2024-05,Sunday
ORD-000494,2024-04-05,CUST-1261,37,İzmir,Kozmetik,Ayna,2,4691.88,9383.76,2024-04,Friday
ORD-000495,2024-09-13,CUST-2442,58,İzmir,Kitap,Kot Pantolon,2,686.09,1372.18,2024-09,Friday
ORD-000496,2024-11-20,CUST-1405,28,Diğer,Ev & Yaşam,Biyografi,4,484.28,1937.12,2024-11,Wednesday
ORD-000497,2024-01-04,CUST-3190,50,Antalya,Elektronik,Ayakkabı,3,4200.14,12600.42,2024-01,Thursday
ORD-000498,2024-01-16,CUST-1341,55,Ankara,Spor,Tablet,3,4284.78,12854.34,2024-01,Tuesday
ORD-000499,2024-10-06,CUST-2339,44,Gaziantep,Giyim,Roman,3,4163.65,12490.95,2024-10,Sunday
ORD-000500,2024-12-01,CUST-4172,51,Diğer,Ev & Yaşam,Halı,4,4004.88,16019.52,2024-12,Sunday
ORD-000501,2024-09-03,CUST-1243,32,İstanbul,Ev & Yaşam,Koşu Bandı,1,1843.03,1843.03,2024-09,Tuesday
ORD-000502,2024-09-14,CUST-1489,49,Diğer,Kozmetik,Futbol Topu,1,1126.44,1126.44,2024-09,Saturday
ORD-000503,2024-06-08,CUST-1011,38,İstanbul,Spor,Tablet,2,4647.58,9295.16,2024-06,Saturday
ORD-000504,2024-12-05,CUST-4310,63,Gaziantep,Kitap,Tişört,2,1569.65,3139.3,2024-12,Thursday
ORD-000505,2024-05-31,CUST-1560,22,İstanbul,Kitap,Telefon,2,2022.12,4044.24,2024-05,Friday
ORD-000506,2024-06-26,CUST-1041,23,İstanbul,Kitap,Futbol Topu,1,3512.82,3512.82,2024-06,Wednesday
ORD-000507,2024-06-11,CUST-3725,55,Ankara,Giyim,Vazo,4,1502.11,6008.44,2024-06,Tuesday
ORD-000508,2024-02-02,CUST-1593,39,Bursa,Spor,Bisiklet,2,4104.69,8209.38,2024-02,Friday
ORD-000509,2024-06-27,CUST-2452,35,Ankara,Spor,Ders Kitabı,4,396.67,1586.68,2024-06,Thursday
ORD-000510,2024-04-10,CUST-2826,31,İstanbul,Kitap,Nemlendirici,2,3966.35,7932.7,2024-04,Wednesday
ORD-000511,2024-09-24,CUST-4229,27,İzmir,Kitap,Yoga Matı,4,3029.16,12116.64,2024-09,Tuesday
ORD-000512,2024-11-18,CUST-4287,63,Diğer,Kozmetik,Yoga Matı,4,2886.32,11545.28,2024-11,Monday
ORD-000513,2024-03-05,CUST-2693,30,Ankara,Elektronik,Güneş Kremi,1,2318.97,2318.97,2024-03,Tuesday
ORD-000514,2024-06-16,CUST-4533,48,İstanbul,Elektronik,Ders Kitabı,4,1421.38,5685.52,2024-06,Sunday
ORD-000515,2024-11-25,CUST-1133,47,Ankara,Ev & Yaşam,Tişört,3,2347.15,7041.45,2024-11,Monday
ORD-000516,2024-02-12,CUST-4138,20,İstanbul,Ev & Yaşam,Halter Seti,1,2277.64,2277.64,2024-02,Monday
ORD-000517,2024-02-13,CUST-4919,47,Kayseri,Spor,Telefon,2,2939.58,5879.16,2024-02,Tuesday
ORD-000518,2024-10-11,CUST-4078,23,Kayseri,Spor,Halter Seti,1,1443.79,1443.79,2024-10,Friday
ORD-000519,2024-01-12,CUST-1947,46,İzmir,Giyim,Telefon,3,434.1,1302.3,2024-01,Friday
ORD-000520,2024-04-04,CUST-4597,25,Ankara,Giyim,Roman,3,768.19,2304.57,2024-04,Thursday
ORD-000521,2024-10-28,CUST-1072,61,Gaziantep,Elektronik,Koşu Bandı,4,3510.93,14043.72,2024-10,Monday
ORD-000522,2024-09-09,CUST-1398,62,İzmir,Ev & Yaşam,Şiir,3,161.34,484.02,2024-09,Monday
ORD-000523,2024-08-29,CUST-2428,60,Kayseri,Elektronik,Ders Kitabı,3,4289.39,12868.17,2024-08,Thursday
ORD-000524,2024-02-04,CUST-4746,61,Bursa,Elektronik,Tişört,3,3487.27,10461.81,2024-02,Sunday
ORD-000525,2024-08-02,CUST-3625,50,Gaziantep,Ev & Yaşam,Futbol Topu,3,3852.03,11556.09,2024-08,Friday
ORD-000526,2024-12-02,CUST-3906,34,İzmir,Giyim,Kulaklık,2,4188.12,8376.24,2024-12,Monday
ORD-000527,2024-03-30,CUST-1129,28,Ankara,Kozmetik,Tablet,2,657.42,1314.84,2024-03,Saturday
ORD-000528,2024-09-20,CUST-3978,30,Diğer,Kozmetik,Koşu Bandı,1,4121.13,4121.13,2024-09,Friday
ORD-000529,2024-04-02,CUST-4537,28,İzmir,Kozmetik,Parfüm,4,2547.98,10191.92,2024-04,Tuesday
ORD-000530,2024-03-30,CUST-4277,48,Bursa,Ev & Yaşam,Mont,2,4433.34,8866.68,2024-03,Saturday
ORD-000531,2024-04-24,CUST-2811,45,İstanbul,Kitap,Tişört,3,4438.6,13315.8,2024-04,Wednesday
ORD-000532,2024-04-14,CUST-3001,61,Bursa,Kitap,Tişört,4,169.68,678.72,2024-04,Sunday
ORD-000533,2024-07-14,CUST-4839,23,İzmir,Kitap,Kulaklık,2,1945.18,3890.36,2024-07,Sunday
ORD-000534,2024-11-09,CUST-1265,58,İstanbul,Spor,Roman,1,2655.67,2655.67,2024-11,Saturday
ORD-000535,2024-04-23,CUST-2560,33,İstanbul,Giyim,Nemlendirici,3,3407.88,10223.64,2024-04,Tuesday
ORD-000536,2024-03-15,CUST-2985,21,Bursa,Giyim,Tişört,4,1466.62,5866.48,2024-03,Friday
ORD-000537,2024-08-04,CUST-1792,52,Konya,Spor,Tablet,2,1298.1,2596.2,2024-08,Sunday
ORD-000538,2024-10-03,CUST-3300,43,İzmir,Elektronik,Kulaklık,4,1937.27,7749.08,2024-10,Thursday
ORD-000539,2024-09-05,CUST-3869,29,İstanbul,Kozmetik,Ders Kitabı,2,2529.65,5059.3,2024-09,Thursday
ORD-000540,2024-06-12,CUST-2312,28,Antalya,Kitap,Futbol Topu,1,4758.17,4758.17,2024-06,Wednesday
ORD-000541,2024-12-22,CUST-1163,54,İstanbul,Kozmetik,Bisiklet,3,3822.44,11467.32,2024-12,Sunday
ORD-000542,2024-07-10,CUST-1094,42,Ankara,Kitap,Kot Pantolon,1,2175.14,2175.14,2024-07,Wednesday
ORD-000543,2024-08-14,CUST-2805,35,İstanbul,Kozmetik,Kot Pantolon,3,319.11,957.33,2024-08,Wednesday
ORD-000544,2024-06-25,CUST-3880,36,İstanbul,Elektronik,Maskara,3,884.18,2652.54,2024-06,Tuesday
ORD-000545,2024-04-08,CUST-2133,40,İstanbul,Kozmetik,Şiir,4,2306.83,9227.32,2024-04,Monday
ORD-000546,2024-02-05,CUST-3383,55,Ankara,Kozmetik,Tişört,2,4078.44,8156.88,2024-02,Monday
ORD-000547,2024-04-05,CUST-1821,35,İstanbul,Ev & Yaşam,Bilim Kurgu,1,1934.44,1934.44,2024-04,Friday
ORD-000548,2024-05-31,CUST-1237,43,Ankara,Kozmetik,Tablet,1,2715.56,2715.56,2024-05,Friday
ORD-000549,2024-05-30,CUST-3428,23,İzmir,Ev & Yaşam,Ayakkabı,1,4464.43,4464.43,2024-05,Thursday
ORD-000550,2024-07-08,CUST-4507,21,Ankara,Giyim,Tablet,4,4573.29,18293.16,2024-07,Monday
ORD-000551,2024-08-11,CUST-3946,61,Ankara,Spor,Halı,4,1118.09,4472.36,2024-08,Sunday
ORD-000552,2024-02-06,CUST-3530,46,Kayseri,Kozmetik,Biyografi,4,265.79,1063.16,2024-02,Tuesday
ORD-000553,2024-09-24,CUST-2960,51,İstanbul,Giyim,Lambader,3,1561.78,4685.34,2024-09,Tuesday
ORD-000554,2024-07-01,CUST-3949,34,İzmir,Ev & Yaşam,Elbise,1,3494.22,3494.22,2024-07,Monday
ORD-000555,2024-01-13,CUST-2048,60,İstanbul,Kozmetik,Smartwatch,3,4758.01,14274.03,2024-01,Saturday
ORD-000556,2024-10-05,CUST-2676,60,İstanbul,Kozmetik,Mont,1,431.31,431.31,2024-10,Saturday
ORD-000557,2024-08-04,CUST-4188,33,İzmir,Elektronik,Ayna,1,190.99,190.99,2024-08,Sunday
ORD-000558,2024-12-20,CUST-3529,19,İzmir,Giyim,Kot Pantolon,2,4426.53,8853.06,2024-12,Friday
ORD-000559,2024-12-26,CUST-4463,51,Eskişehir,Kitap,Maskara,1,3753.32,3753.32,2024-12,Thursday
ORD-000560,2024-10-12,CUST-3964,25,İzmir,Kitap,Koşu Bandı,4,4961.63,19846.52,2024-10,Saturday
ORD-000561,2024-09-29,CUST-4041,30,Diğer,Elektronik,Lambader,4,2014.12,8056.48,2024-09,Sunday
ORD-000562,2024-03-02,CUST-1963,59,İstanbul,Ev & Yaşam,Kot Pantolon,4,2109.45,8437.8,2024-03,Saturday
ORD-000563,2024-03-24,CUST-1536,25,İstanbul,Kitap,Smartwatch,2,902.94,1805.88,2024-03,Sunday
ORD-000564,2024-08-04,CUST-4150,47,İstanbul,Kitap,Mont,2,623.44,1246.88,2024-08,Sunday
ORD-000565,2024-12-07,CUST-2603,49,İstanbul,Spor,Tablet,3,2914.65,8743.95,2024-12,Saturday
ORD-000566,2024-07-05,CUST-4244,53,İzmir,Giyim,Halter Seti,1,1853.21,1853.21,2024-07,Friday
ORD-000567,2024-01-19,CUST-2979,64,Bursa,Ev & Yaşam,Kot Pantolon,1,447.57,447.57,2024-01,Friday
ORD-000568,2024-06-25,CUST-4083,47,İstanbul,Kozmetik,Futbol Topu,4,4440.59,17762.36,2024-06,Tuesday
ORD-000569,2024-04-09,CUST-4871,18,Diğer,Giyim,Perde,4,1031.86,4127.44,2024-04,Tuesday
ORD-000570,2024-08-20,CUST-1127,60,Kayseri,Ev & Yaşam,Telefon,4,3755.49,15021.96,2024-08,Tuesday
ORD-000571,2024-03-16,CUST-4679,56,İstanbul,Kitap,Maskara,4,1447.03,5788.12,2024-03,Saturday
ORD-000572,2024-09-21,CUST-1091,34,İstanbul,Spor,Vazo,4,4073.88,16295.52,2024-09,Saturday
ORD-000573,2024-10-10,CUST-4724,37,İstanbul,Giyim,Laptop,4,636.06,2544.24,2024-10,Thursday
ORD-000574,2024-07-24,CUST-1542,41,İstanbul,Kitap,Yoga Matı,1,3792.55,3792.55,2024-07,Wednesday
ORD-000575,2024-08-10,CUST-1845,39,İstanbul,Ev & Yaşam,Bilim Kurgu,2,535.69,1071.38,2024-08,Saturday
ORD-000576,2024-02-21,CUST-4603,46,İzmir,Giyim,Mont,4,2262.23,9048.92,2024-02,Wednesday
ORD-000577,2024-12-04,CUST-2681,39,İstanbul,Kozmetik,Koşu Bandı,1,3683.32,3683.32,2024-12,Wednesday
ORD-000578,2024-05-23,CUST-4036,61,Ankara,Giyim,Laptop,4,907.43,3629.72,2024-05,Thursday
ORD-000579,2024-03-09,CUST-2851,26,Diğer,Kitap,Smartwatch,3,1464.04,4392.12,2024-03,Saturday
ORD-000580,2024-04-08,CUST-3494,54,Antalya,Giyim,Laptop,3,4330.6,12991.8,2024-04,Monday
ORD-000581,2024-01-25,CUST-1389,27,Diğer,Kozmetik,Smartwatch,1,4431.34,4431.34,2024-01,Thursday
ORD-000582,2024-02-22,CUST-3719,53,İstanbul,Spor,Tişört,2,272.43,544.86,2024-02,Thursday
ORD-000583,2024-05-30,CUST-2884,54,Ankara,Spor,Vazo,3,882.05,2646.15,2024-05,Thursday
ORD-000584,2024-05-23,CUST-1042,45,İzmir,Kitap,Ruj,3,631.49,1894.47,2024-05,Thursday
ORD-000585,2024-02-26,CUST-1253,45,İstanbul,Ev & Yaşam,Ders Kitabı,2,939.48,1878.96,2024-02,Monday
ORD-000586,2024-02-08,CUST-4201,59,İstanbul,Kitap,Mont,3,4852.43,14557.29,2024-02,Thursday
ORD-000587,2024-04-18,CUST-2083,60,Antalya,Spor,Laptop,4,2780.69,11122.76,2024-04,Thursday
ORD-000588,2024-06-29,CUST-3710,38,Bursa,Elektronik,Mont,2,2367.16,4734.32,2024-06,Saturday
ORD-000589,2024-02-11,CUST-3514,41,Ankara,Elektronik,Bisiklet,3,4923.11,14769.33,2024-02,Sunday
ORD-000590,2024-07-04,CUST-3334,59,Ankara,Giyim,Ruj,2,2806.93,5613.86,2024-07,Thursday
ORD-000591,2024-08-10,CUST-4058,57,Ankara,Kozmetik,Laptop,4,3322.53,13290.12,2024-08,Saturday
ORD-000592,2024-05-01,CUST-2540,19,İstanbul,Giyim,Ders Kitabı,3,1697.21,5091.63,2024-05,Wednesday
ORD-000593,2024-05-12,CUST-4538,25,İstanbul,Elektronik,Tablet,1,1941.47,1941.47,2024-05,Sunday
ORD-000594,2024-06-11,CUST-2953,44,İstanbul,Spor,Maskara,3,2992.33,8976.99,2024-06,Tuesday
ORD-000595,2024-08-02,CUST-3825,39,İstanbul,Giyim,Şiir,3,395.44,1186.32,2024-08,Friday
ORD-000596,2024-08-08,CUST-3392,54,Diğer,Kitap,Maskara,4,1316.62,5266.48,2024-08,Thursday
ORD-000597,2024-08-22,CUST-1641,44,İzmir,Kozmetik,Şiir,1,1024.22,1024.22,2024-08,Thursday
ORD-000598,2024-11-26,CUST-3429,46,Adana,Kitap,Vazo,1,128.67,128.67,2024-11,Tuesday
ORD-000599,2024-05-25,CUST-4850,20,İstanbul,Kozmetik,Halı,1,2707.66,2707.66,2024-05,Saturday
ORD-000600,2024-08-26,CUST-1689,61,Ankara,Spor,Tişört,4,2827.21,11308.84,2024-08,Monday
ORD-000601,2024-03-16,CUST-2276,30,İstanbul,Giyim,Kot Pantolon,4,1950.5,7802.0,2024-03,Saturday
ORD-000602,2024-01-09,CUST-2950,62,İstanbul,Kozmetik,Biyografi,4,1380.2,5520.8,2024-01,Tuesday
ORD-000603,2024-03-14,CUST-2079,27,İstanbul,Kitap,Tablet,4,3277.7,13110.8,2024-03,Thursday
ORD-000604,2024-09-09,CUST-2486,53,Gaziantep,Giyim,Bisiklet,4,716.56,2866.24,2024-09,Monday
ORD-000605,2024-08-17,CUST-1456,26,Antalya,Giyim,Yoga Matı,1,2617.14,2617.14,2024-08,Saturday
ORD-000606,2024-01-07,CUST-1982,44,İzmir,Kitap,Tablet,2,3851.97,7703.94,2024-01,Sunday
ORD-000607,2024-06-22,CUST-3130,51,Ankara,Elektronik,Telefon,4,863.28,3453.12,2024-06,Saturday
ORD-000608,2024-05-20,CUST-4976,18,Diğer,Kozmetik,Lambader,2,3778.63,7557.26,2024-05,Monday
ORD-000609,2024-06-16,CUST-2122,49,İstanbul,Kitap,Koşu Bandı,3,3815.93,11447.79,2024-06,Sunday
ORD-000610,2024-06-18,CUST-1148,42,İstanbul,Spor,Biyografi,3,346.64,1039.92,2024-06,Tuesday
ORD-000611,2024-10-09,CUST-2352,46,İstanbul,Ev & Yaşam,Ruj,4,142.98,571.92,2024-10,Wednesday
ORD-000612,2024-05-01,CUST-2179,24,Gaziantep,Kitap,Mont,3,4870.98,14612.94,2024-05,Wednesday
ORD-000613,2024-07-12,CUST-1189,20,Diğer,Giyim,Parfüm,2,1007.24,2014.48,2024-07,Friday
ORD-000614,2024-01-05,CUST-4565,37,İstanbul,Giyim,Lambader,3,4119.59,12358.77,2024-01,Friday
ORD-000615,2024-01-29,CUST-1882,37,Eskişehir,Kitap,Bisiklet,3,2831.16,8493.48,2024-01,Monday
ORD-000616,2024-06-13,CUST-3310,47,Kayseri,Ev & Yaşam,Tablet,2,1359.14,2718.28,2024-06,Thursday
ORD-000617,2024-12-04,CUST-4151,52,İstanbul,Kitap,Bisiklet,3,693.35,2080.05,2024-12,Wednesday
ORD-000618,2024-05-15,CUST-1399,52,Ankara,Ev & Yaşam,Şiir,4,2508.55,10034.2,2024-05,Wednesday
ORD-000619,2024-12-30,CUST-3811,56,Ankara,Ev & Yaşam,Lambader,2,2066.41,4132.82,2024-12,Monday
ORD-000620,2024-11-16,CUST-1608,44,Diğer,Spor,Smartwatch,2,3509.49,7018.98,2024-11,Saturday
ORD-000621,2024-12-07,CUST-4331,43,İstanbul,Kozmetik,Ruj,1,4525.63,4525.63,2024-12,Saturday
ORD-000622,2024-05-24,CUST-2795,31,Gaziantep,Giyim,Şiir,1,4035.98,4035.98,2024-05,Friday
ORD-000623,2024-11-22,CUST-2638,34,İstanbul,Giyim,Maskara,2,1408.54,2817.08,2024-11,Friday
ORD-000624,2024-08-04,CUST-2575,35,Adana,Ev & Yaşam,Kot Pantolon,2,4400.72,8801.44,2024-08,Sunday
ORD-000625,2024-10-27,CUST-3832,62,Ankara,Giyim,Lambader,1,4175.29,4175.29,2024-10,Sunday
ORD-000626,2024-05-11,CUST-3148,46,İzmir,Elektronik,Bilim Kurgu,4,4649.22,18596.88,2024-05,Saturday
ORD-000627,2024-10-18,CUST-2382,37,Kayseri,Ev & Yaşam,Ders Kitabı,3,2320.37,6961.11,2024-10,Friday
ORD-000628,2024-03-10,CUST-2403,44,Gaziantep,Giyim,Güneş Kremi,3,3854.45,11563.35,2024-03,Sunday
ORD-000629,2024-09-08,CUST-1819,35,Eskişehir,Elektronik,Laptop,3,2978.71,8936.13,2024-09,Sunday
ORD-000630,2024-10-01,CUST-4292,21,İstanbul,Spor,Tişört,2,1586.99,3173.98,2024-10,Tuesday
ORD-000631,2024-12-29,CUST-1819,18,Antalya,Giyim,Nemlendirici,4,4972.43,19889.72,2024-12,Sunday
ORD-000632,2024-06-30,CUST-1419,18,İstanbul,Elektronik,Roman,1,239.62,239.62,2024-06,Sunday
ORD-000633,2024-06-15,CUST-1123,43,Ankara,Kitap,Halı,4,853.25,3413.0,2024-06,Saturday
ORD-000634,2024-03-31,CUST-1421,62,İzmir,Kozmetik,Roman,4,4468.08,17872.32,2024-03,Sunday
ORD-000635,2024-07-20,CUST-4302,37,Ankara,Kitap,Bisiklet,3,349.79,1049.37,2024-07,Saturday
ORD-000636,2024-12-11,CUST-4761,40,İzmir,Elektronik,Halı,1,4439.76,4439.76,2024-12,Wednesday
ORD-000637,2024-01-19,CUST-4134,27,Diğer,Ev & Yaşam,Vazo,4,3590.35,14361.4,2024-01,Friday
ORD-000638,2024-02-08,CUST-2508,28,İstanbul,Ev & Yaşam,Şiir,1,231.59,231.59,2024-02,Thursday
ORD-000639,2024-05-05,CUST-4699,58,Antalya,Giyim,Laptop,2,2175.13,4350.26,2024-05,Sunday
ORD-000640,2024-06-21,CUST-4774,58,Ankara,Kitap,Halı,3,3784.63,11353.89,2024-06,Friday
ORD-000641,2024-05-20,CUST-2597,22,İstanbul,Ev & Yaşam,Koşu Bandı,1,2936.35,2936.35,2024-05,Monday
ORD-000642,2024-08-29,CUST-1767,18,İstanbul,Ev & Yaşam,Parfüm,2,4682.56,9365.12,2024-08,Thursday
ORD-000643,2024-08-07,CUST-3044,34,Diğer,Kitap,Laptop,2,4344.84,8689.68,2024-08,Wednesday
ORD-000644,2024-05-05,CUST-3530,39,Eskişehir,Spor,Laptop,2,1696.61,3393.22,2024-05,Sunday
ORD-000645,2024-02-27,CUST-3566,51,Diğer,Ev & Yaşam,Smartwatch,4,468.9,1875.6,2024-02,Tuesday
ORD-000646,2024-05-27,CUST-3202,62,Diğer,Kozmetik,Vazo,4,4724.07,18896.28,2024-05,Monday
ORD-000647,2024-11-12,CUST-3139,58,İstanbul,Elektronik,Kulaklık,3,2610.57,7831.71,2024-11,Tuesday
ORD-000648,2024-12-26,CUST-4029,46,Ankara,Giyim,Roman,3,418.27,1254.81,2024-12,Thursday
ORD-000649,2024-01-01,CUST-2549,21,Antalya,Ev & Yaşam,Kulaklık,2,4092.05,8184.1,2024-01,Monday
ORD-000650,2024-12-13,CUST-3502,22,Ankara,Kozmetik,Halter Seti,3,4349.11,13047.33,2024-12,Friday
ORD-000651,2024-07-08,CUST-2764,28,Ankara,Kozmetik,Elbise,4,3215.15,12860.6,2024-07,Monday
ORD-000652,2024-07-09,CUST-3044,38,Ankara,Ev & Yaşam,Yoga Matı,3,2265.17,6795.51,2024-07,Tuesday
ORD-000653,2024-11-07,CUST-3645,52,İzmir,Spor,Vazo,1,3327.76,3327.76,2024-11,Thursday
ORD-000654,2024-04-26,CUST-4716,29,İzmir,Elektronik,Tablet,4,3548.08,14192.32,2024-04,Friday
ORD-000655,2024-05-13,CUST-1509,43,İstanbul,Giyim,Tablet,2,4470.5,8941.0,2024-05,Monday
ORD-000656,2024-02-27,CUST-2206,36,Ankara,Ev & Yaşam,Ders Kitabı,2,4781.52,9563.04,2024-02,Tuesday
ORD-000657,2024-02-13,CUST-1385,62,İzmir,Giyim,Parfüm,3,2595.89,7787.67,2024-02,Tuesday
ORD-000658,2024-06-21,CUST-2597,24,İzmir,Kitap,Telefon,4,4002.55,16010.2,2024-06,Friday
ORD-000659,2024-06-08,CUST-4802,64,İstanbul,Kozmetik,Yoga Matı,2,4824.32,9648.64,2024-06,Saturday
ORD-000660,2024-06-21,CUST-3452,24,Konya,Kozmetik,Halı,2,798.65,1597.3,2024-06,Friday
ORD-000661,2024-11-12,CUST-3293,43,İstanbul,Ev & Yaşam,Kot Pantolon,4,140.43,561.72,2024-11,Tuesday
ORD-000662,2024-10-29,CUST-1741,57,Ankara,Ev & Yaşam,Tablet,4,4351.37,17405.48,2024-10,Tuesday
ORD-000663,2024-05-28,CUST-4662,22,Gaziantep,Kitap,Mont,2,1016.6,2033.2,2024-05,Tuesday
ORD-000664,2024-03-20,CUST-3708,38,İzmir,Spor,Telefon,3,260.27,780.81,2024-03,Wednesday
ORD-000665,2024-07-31,CUST-3697,31,İstanbul,Ev & Yaşam,Ayna,3,842.48,2527.44,2024-07,Wednesday
ORD-000666,2024-07-21,CUST-4542,21,Antalya,Kozmetik,Nemlendirici,3,1951.37,5854.11,2024-07,Sunday
ORD-000667,2024-09-08,CUST-4897,40,İzmir,Giyim,Halter Seti,1,1135.37,1135.37,2024-09,Sunday
ORD-000668,2024-08-16,CUST-2911,59,Gaziantep,Elektronik,Vazo,4,1561.01,6244.04,2024-08,Friday
ORD-000669,2024-06-12,CUST-2446,37,Adana,Giyim,Tişört,2,4877.71,9755.42,2024-06,Wednesday
ORD-000670,2024-08-14,CUST-1900,32,Bursa,Spor,Smartwatch,1,3536.81,3536.81,2024-08,Wednesday
ORD-000671,2024-05-26,CUST-3112,62,Ankara,Elektronik,Ayakkabı,3,3575.35,10726.05,2024-05,Sunday
ORD-000672,2024-01-20,CUST-4084,46,İstanbul,Giyim,Halter Seti,1,518.69,518.69,2024-01,Saturday
ORD-000673,2024-02-16,CUST-3260,25,İstanbul,Giyim,Lambader,2,3673.89,7347.78,2024-02,Friday
ORD-000674,2024-08-20,CUST-3009,58,Ankara,Kitap,Kot Pantolon,2,3709.75,7419.5,2024-08,Tuesday
ORD-000675,2024-10-31,CUST-1241,36,İzmir,Spor,Tişört,4,3315.74,13262.96,2024-10,Thursday
ORD-000676,2024-01-14,CUST-3540,56,İzmir,Kozmetik,Futbol Topu,3,1180.76,3542.28,2024-01,Sunday
ORD-000677,2024-05-22,CUST-4284,63,İstanbul,Kitap,Tablet,3,2144.03,6432.09,2024-05,Wednesday
ORD-000678,2024-01-01,CUST-4764,45,İstanbul,Elektronik,Kot Pantolon,1,4239.07,4239.07,2024-01,Monday
ORD-000679,2024-02-23,CUST-3385,63,Ankara,Kozmetik,Koşu Bandı,3,3367.5,10102.5,2024-02,Friday
ORD-000680,2024-09-15,CUST-3020,44,İstanbul,Kitap,Smartwatch,1,3677.21,3677.21,2024-09,Sunday
ORD-000681,2024-05-23,CUST-1172,21,Adana,Spor,Nemlendirici,2,2957.5,5915.0,2024-05,Thursday
ORD-000682,2024-01-12,CUST-1671,32,İstanbul,Ev & Yaşam,Telefon,2,2275.45,4550.9,2024-01,Friday
ORD-000683,2024-11-25,CUST-1163,52,İzmir,Ev & Yaşam,Maskara,2,3807.31,7614.62,2024-11,Monday
ORD-000684,2024-08-11,CUST-1464,54,Diğer,Elektronik,Halı,2,386.23,772.46,2024-08,Sunday
ORD-000685,2024-09-28,CUST-4042,18,İstanbul,Ev & Yaşam,Yoga Matı,2,3382.15,6764.3,2024-09,Saturday
ORD-000686,2024-12-23,CUST-1496,20,Ankara,Kitap,Telefon,1,4986.16,4986.16,2024-12,Monday
ORD-000687,2024-06-04,CUST-1699,64,İstanbul,Elektronik,Güneş Kremi,2,3911.95,7823.9,2024-06,Tuesday
ORD-000688,2024-01-08,CUST-3442,41,Bursa,Kozmetik,Maskara,1,1488.29,1488.29,2024-01,Monday
ORD-000689,2024-05-01,CUST-1702,44,İzmir,Spor,Ayna,2,1425.21,2850.42,2024-05,Wednesday
ORD-000690,2024-12-13,CUST-2940,57,Ankara,Elektronik,Bilim Kurgu,1,3352.73,3352.73,2024-12,Friday
ORD-000691,2024-06-12,CUST-3355,53,İzmir,Kozmetik,Halter Seti,1,4484.48,4484.48,2024-06,Wednesday
ORD-000692,2024-03-30,CUST-2791,51,Diğer,Elektronik,Bilim Kurgu,1,2910.85,2910.85,2024-03,Saturday
ORD-000693,2024-05-15,CUST-1182,46,İstanbul,Giyim,Kulaklık,3,2660.64,7981.92,2024-05,Wednesday
ORD-000694,2024-07-04,CUST-1628,41,İstanbul,Giyim,Halter Seti,1,843.9,843.9,2024-07,Thursday
ORD-000695,2024-11-11,CUST-4865,41,Eskişehir,Elektronik,Halı,1,3591.51,3591.51,2024-11,Monday
ORD-000696,2024-06-26,CUST-3557,59,İzmir,Ev & Yaşam,Smartwatch,2,3526.38,7052.76,2024-06,Wednesday
ORD-000697,2024-01-28,CUST-2731,21,Diğer,Giyim,Halter Seti,1,4836.41,4836.41,2024-01,Sunday
ORD-000698,2024-08-07,CUST-1545,20,İzmir,Spor,Yoga Matı,1,1535.95,1535.95,2024-08,Wednesday
ORD-000699,2024-12-22,CUST-2587,51,Gaziantep,Kozmetik,Şiir,4,3794.41,15177.64,2024-12,Sunday
ORD-000700,2024-02-10,CUST-1623,40,Ankara,Kitap,Tablet,3,2198.62,6595.86,2024-02,Saturday
ORD-000701,2024-08-15,CUST-4835,40,Konya,Giyim,Perde,4,2814.44,11257.76,2024-08,Thursday
ORD-000702,2024-07-10,CUST-1593,62,Diğer,Elektronik,Lambader,2,4091.45,8182.9,2024-07,Wednesday
ORD-000703,2024-05-24,CUST-1743,22,İzmir,Ev & Yaşam,Tablet,3,1148.88,3446.64,2024-05,Friday
ORD-000704,2024-07-19,CUST-4298,48,İstanbul,Kitap,Kulaklık,3,1747.2,5241.6,2024-07,Friday
ORD-000705,2024-07-30,CUST-2768,58,İstanbul,Kozmetik,Ruj,4,3877.88,15511.52,2024-07,Tuesday
ORD-000706,2024-08-07,CUST-4804,23,İstanbul,Kozmetik,Kot Pantolon,3,2873.77,8621.31,2024-08,Wednesday
ORD-000707,2024-08-27,CUST-2459,54,İstanbul,Giyim,Roman,4,507.49,2029.96,2024-08,Tuesday
ORD-000708,2024-02-15,CUST-2948,27,İstanbul,Kozmetik,Kulaklık,1,2179.42,2179.42,2024-02,Thursday
ORD-000709,2024-02-04,CUST-4493,57,İzmir,Kozmetik,Smartwatch,4,2953.83,11815.32,2024-02,Sunday
ORD-000710,2024-09-09,CUST-3601,24,İzmir,Ev & Yaşam,Mont,3,4552.11,13656.33,2024-09,Monday
ORD-000711,2024-03-22,CUST-3068,56,Ankara,Ev & Yaşam,Elbise,3,983.02,2949.06,2024-03,Friday
ORD-000712,2024-09-12,CUST-3601,55,Bursa,Ev & Yaşam,Yoga Matı,2,4039.47,8078.94,2024-09,Thursday
ORD-000713,2024-07-15,CUST-3444,38,İstanbul,Elektronik,Perde,2,696.59,1393.18,2024-07,Monday
ORD-000714,2024-10-29,CUST-3672,37,İstanbul,Kozmetik,Ders Kitabı,2,1249.07,2498.14,2024-10,Tuesday
ORD-000715,2024-01-10,CUST-1104,20,İstanbul,Kozmetik,Koşu Bandı,2,1254.55,2509.1,2024-01,Wednesday
ORD-000716,2024-11-07,CUST-3239,39,İzmir,Kozmetik,Laptop,3,4393.52,13180.56,2024-11,Thursday
ORD-000717,2024-10-12,CUST-1016,64,İstanbul,Spor,Mont,2,1035.14,2070.28,2024-10,Saturday
ORD-000718,2024-08-29,CUST-4191,21,İstanbul,Ev & Yaşam,Güneş Kremi,4,3945.46,15781.84,2024-08,Thursday
ORD-000719,2024-09-07,CUST-1392,45,Ankara,Kitap,Perde,1,2335.94,2335.94,2024-09,Saturday
ORD-000720,2024-12-30,CUST-1424,29,Gaziantep,Giyim,Yoga Matı,3,4995.5,14986.5,2024-12,Monday
ORD-000721,2024-01-05,CUST-3176,55,İstanbul,Kitap,Ruj,2,4203.5,8407.0,2024-01,Friday
ORD-000722,2024-04-28,CUST-4201,53,Bursa,Elektronik,Perde,3,3711.53,11134.59,2024-04,Sunday
ORD-000723,2024-10-15,CUST-1571,64,Antalya,Elektronik,Güneş Kremi,2,4360.1,8720.2,2024-10,Tuesday
ORD-000724,2024-03-05,CUST-4631,58,Gaziantep,Kozmetik,Mont,3,3188.45,9565.35,2024-03,Tuesday
ORD-000725,2024-05-25,CUST-3076,22,Diğer,Kitap,Koşu Bandı,2,4226.08,8452.16,2024-05,Saturday
ORD-000726,2024-08-11,CUST-2120,30,İstanbul,Kozmetik,Futbol Topu,1,1342.58,1342.58,2024-08,Sunday
ORD-000727,2024-08-26,CUST-4081,40,İstanbul,Spor,Lambader,2,533.63,1067.26,2024-08,Monday
ORD-000728,2024-06-25,CUST-1241,47,Diğer,Elektronik,Maskara,4,3098.86,12395.44,2024-06,Tuesday
ORD-000729,2024-09-23,CUST-4897,54,Ankara,Elektronik,Elbise,3,2201.72,6605.16,2024-09,Monday
ORD-000730,2024-12-06,CUST-3279,42,İzmir,Kitap,Smartwatch,3,2160.88,6482.64,2024-12,Friday
ORD-000731,2024-10-08,CUST-1788,44,Antalya,Elektronik,Bisiklet,4,2657.4,10629.6,2024-10,Tuesday
ORD-000732,2024-03-03,CUST-4355,31,Antalya,Spor,Telefon,4,1838.84,7355.36,2024-03,Sunday
ORD-000733,2024-08-04,CUST-1714,64,Diğer,Spor,Mont,1,3148.99,3148.99,2024-08,Sunday
ORD-000734,2024-12-07,CUST-1758,53,Diğer,Spor,Halter Seti,3,201.31,603.93,2024-12,Saturday
ORD-000735,2024-11-10,CUST-3849,56,Adana,Giyim,Futbol Topu,1,4850.96,4850.96,2024-11,Sunday
ORD-000736,2024-10-09,CUST-1775,33,İstanbul,Spor,Ruj,3,4627.31,13881.93,2024-10,Wednesday
ORD-000737,2024-06-25,CUST-3773,39,Eskişehir,Spor,Tablet,3,4679.59,14038.77,2024-06,Tuesday
ORD-000738,2024-04-07,CUST-3247,38,İstanbul,Giyim,Maskara,1,1856.77,1856.77,2024-04,Sunday
ORD-000739,2024-04-14,CUST-3992,38,İstanbul,Kozmetik,Roman,3,2682.86,8048.58,2024-04,Sunday
ORD-000740,2024-04-08,CUST-1078,25,Diğer,Ev & Yaşam,Kulaklık,3,4772.95,14318.85,2024-04,Monday
ORD-000741,2024-11-06,CUST-4984,33,İstanbul,Elektronik,Tablet,1,4516.61,4516.61,2024-11,Wednesday
ORD-000742,2024-01-06,CUST-4003,48,İstanbul,Spor,Bilim Kurgu,2,3961.71,7923.42,2024-01,Saturday
ORD-000743,2024-07-15,CUST-4926,59,İstanbul,Elektronik,Ayakkabı,1,2066.29,2066.29,2024-07,Monday
ORD-000744,2024-12-16,CUST-1855,27,Eskişehir,Kitap,Elbise,3,2843.48,8530.44,2024-12,Monday
ORD-000745,2024-05-12,CUST-4244,49,İzmir,Elektronik,Halter Seti,4,3974.92,15899.68,2024-05,Sunday
ORD-000746,2024-12-23,CUST-3514,51,Antalya,Kozmetik,Perde,2,1401.41,2802.82,2024-12,Monday
ORD-000747,2024-09-15,CUST-3628,26,İstanbul,Giyim,Ruj,4,3150.92,12603.68,2024-09,Sunday
ORD-000748,2024-01-23,CUST-2439,34,Konya,Elektronik,Lambader,2,4148.27,8296.54,2024-01,Tuesday
ORD-000749,2024-02-22,CUST-3987,28,Konya,Elektronik,Koşu Bandı,4,3551.9,14207.6,2024-02,Thursday
ORD-000750,2024-06-13,CUST-3496,49,İstanbul,Elektronik,Lambader,2,2423.43,4846.86,2024-06,Thursday
ORD-000751,2024-07-20,CUST-3134,27,Ankara,Ev & Yaşam,Laptop,1,2943.81,2943.81,2024-07,Saturday
ORD-000752,2024-03-23,CUST-3148,39,İstanbul,Ev & Yaşam,Smartwatch,2,4943.94,9887.88,2024-03,Saturday
ORD-000753,2024-05-24,CUST-2031,34,Diğer,Kitap,Ders Kitabı,2,3029.84,6059.68,2024-05,Friday
ORD-000754,2024-03-25,CUST-1844,21,Bursa,Giyim,Bilim Kurgu,2,3938.81,7877.62,2024-03,Monday
ORD-000755,2024-03-18,CUST-4271,64,Diğer,Elektronik,Futbol Topu,3,3646.69,10940.07,2024-03,Monday
ORD-000756,2024-01-01,CUST-4576,42,İstanbul,Elektronik,Bisiklet,4,3522.38,14089.52,2024-01,Monday
ORD-000757,2024-02-20,CUST-1086,38,Gaziantep,Elektronik,Yoga Matı,1,3596.03,3596.03,2024-02,Tuesday
ORD-000758,2024-06-21,CUST-3090,54,Konya,Elektronik,Laptop,4,2299.33,9197.32,2024-06,Friday
ORD-000759,2024-07-23,CUST-4456,55,Antalya,Ev & Yaşam,Vazo,4,2397.09,9588.36,2024-07,Tuesday
ORD-000760,2024-09-16,CUST-4692,18,Diğer,Kozmetik,Maskara,1,2365.92,2365.92,2024-09,Monday
ORD-000761,2024-10-14,CUST-4506,42,Ankara,Kozmetik,Yoga Matı,3,214.61,643.83,2024-10,Monday
ORD-000762,2024-02-03,CUST-1407,53,İstanbul,Kitap,Yoga Matı,2,1243.27,2486.54,2024-02,Saturday
ORD-000763,2024-12-13,CUST-4554,34,Antalya,Spor,Tablet,3,815.09,2445.27,2024-12,Friday
ORD-000764,2024-04-04,CUST-3711,58,Adana,Giyim,Nemlendirici,3,4437.9,13313.7,2024-04,Thursday
ORD-000765,2024-03-12,CUST-4088,41,İzmir,Kozmetik,Smartwatch,2,1411.1,2822.2,2024-03,Tuesday
ORD-000766,2024-02-08,CUST-2668,19,İstanbul,Elektronik,Ruj,4,735.29,2941.16,2024-02,Thursday
ORD-000767,2024-06-02,CUST-1147,57,İzmir,Kozmetik,Smartwatch,2,642.85,1285.7,2024-06,Sunday
ORD-000768,2024-09-06,CUST-3324,32,İstanbul,Kitap,Halı,1,3514.95,3514.95,2024-09,Friday
ORD-000769,2024-06-10,CUST-1231,49,Ankara,Spor,Futbol Topu,2,80.11,160.22,2024-06,Monday
ORD-000770,2024-04-27,CUST-4897,56,Bursa,Kozmetik,Elbise,4,2382.96,9531.84,2024-04,Saturday
ORD-000771,2024-09-15,CUST-2950,23,Konya,Kitap,Kot Pantolon,3,638.41,1915.23,2024-09,Sunday
ORD-000772,2024-11-01,CUST-1365,18,İstanbul,Ev & Yaşam,Yoga Matı,3,4255.83,12767.49,2024-11,Friday
ORD-000773,2024-09-24,CUST-4299,64,Ankara,Spor,Halter Seti,2,4794.33,9588.66,2024-09,Tuesday
ORD-000774,2024-02-23,CUST-2674,40,İstanbul,Kitap,Bisiklet,1,4795.84,4795.84,2024-02,Friday
ORD-000775,2024-08-23,CUST-1435,56,İstanbul,Kozmetik,Koşu Bandı,4,2237.72,8950.88,2024-08,Friday
ORD-000776,2024-08-09,CUST-1398,34,Gaziantep,Ev & Yaşam,Ruj,3,3240.35,9721.05,2024-08,Friday
ORD-000777,2024-09-07,CUST-2234,51,Diğer,Kitap,Ayna,2,3018.54,6037.08,2024-09,Saturday
ORD-000778,2024-11-08,CUST-2414,58,Ankara,Kitap,Mont,1,1782.69,1782.69,2024-11,Friday
ORD-000779,2024-04-21,CUST-3546,46,Konya,Kozmetik,Ders Kitabı,1,2248.12,2248.12,2024-04,Sunday
ORD-000780,2024-09-11,CUST-3587,26,Diğer,Spor,Ayakkabı,3,368.4,1105.2,2024-09,Wednesday
ORD-000781,2024-10-29,CUST-1562,30,Kayseri,Ev & Yaşam,Kot Pantolon,3,3988.71,11966.13,2024-10,Tuesday
ORD-000782,2024-07-25,CUST-4562,23,İstanbul,Elektronik,Tablet,4,1241.98,4967.92,2024-07,Thursday
ORD-000783,2024-08-16,CUST-3489,23,Diğer,Giyim,Koşu Bandı,1,2329.61,2329.61,2024-08,Friday
ORD-000784,2024-12-06,CUST-2284,37,Ankara,Spor,Yoga Matı,4,2429.07,9716.28,2024-12,Friday
ORD-000785,2024-03-06,CUST-1772,20,İstanbul,Ev & Yaşam,Halter Seti,1,2825.52,2825.52,2024-03,Wednesday
ORD-000786,2024-03-15,CUST-3397,34,İstanbul,Kitap,Telefon,1,4098.49,4098.49,2024-03,Friday
ORD-000787,2024-04-12,CUST-3037,29,Ankara,Ev & Yaşam,Lambader,2,3474.81,6949.62,2024-04,Friday
ORD-000788,2024-07-10,CUST-4423,64,İstanbul,Giyim,Vazo,3,3332.16,9996.48,2024-07,Wednesday
ORD-000789,2024-09-08,CUST-3567,62,İstanbul,Kozmetik,Bilim Kurgu,1,2657.39,2657.39,2024-09,Sunday
ORD-000790,2024-08-13,CUST-2343,18,İstanbul,Giyim,Ayna,4,524.98,2099.92,2024-08,Tuesday
ORD-000791,2024-10-20,CUST-3185,34,Gaziantep,Elektronik,Perde,3,2039.94,6119.82,2024-10,Sunday
ORD-000792,2024-11-01,CUST-2573,20,Eskişehir,Elektronik,Halter Seti,4,4788.72,19154.88,2024-11,Friday
ORD-000793,2024-04-07,CUST-4694,43,İstanbul,Giyim,Nemlendirici,3,4977.96,14933.88,2024-04,Sunday
ORD-000794,2024-12-03,CUST-1991,32,Eskişehir,Spor,Mont,3,3665.97,10997.91,2024-12,Tuesday
ORD-000795,2024-10-12,CUST-3415,53,Eskişehir,Spor,Perde,1,1176.2,1176.2,2024-10,Saturday
ORD-000796,2024-11-30,CUST-4291,49,Konya,Kitap,Perde,2,554.36,1108.72,2024-11,Saturday
ORD-000797,2024-12-12,CUST-4408,49,İstanbul,Elektronik,Smartwatch,1,2103.08,2103.08,2024-12,Thursday
ORD-000798,2024-11-03,CUST-2246,21,Antalya,Kitap,Biyografi,3,4290.03,12870.09,2024-11,Sunday
ORD-000799,2024-09-05,CUST-4719,35,Diğer,Elektronik,Ruj,1,3623.23,3623.23,2024-09,Thursday
ORD-000800,2024-06-14,CUST-4839,36,Antalya,Giyim,Smartwatch,1,4425.27,4425.27,2024-06,Friday
ORD-000801,2024-11-30,CUST-1359,60,İstanbul,Spor,Futbol Topu,3,3098.09,9294.27,2024-11,Saturday
ORD-000802,2024-01-30,CUST-1920,52,İzmir,Spor,Kot Pantolon,3,695.13,2085.39,2024-01,Tuesday
ORD-000803,2024-09-03,CUST-3376,57,Bursa,Giyim,Bilim Kurgu,1,618.24,618.24,2024-09,Tuesday
ORD-000804,2024-04-15,CUST-4009,31,İzmir,Kitap,Laptop,1,287.61,287.61,2024-04,Monday
ORD-000805,2024-02-20,CUST-3510,50,İstanbul,Kitap,Perde,1,2857.05,2857.05,2024-02,Tuesday
ORD-000806,2024-03-21,CUST-3993,31,İstanbul,Ev & Yaşam,Ayna,4,1252.29,5009.16,2024-03,Thursday
ORD-000807,2024-05-12,CUST-1962,51,Gaziantep,Elektronik,Bilim Kurgu,1,3685.2,3685.2,2024-05,Sunday
ORD-000808,2024-10-11,CUST-4632,21,Eskişehir,Kitap,Perde,4,3446.94,13787.76,2024-10,Friday
ORD-000809,2024-05-17,CUST-2827,41,İstanbul,Giyim,Tablet,2,1624.65,3249.3,2024-05,Friday
ORD-000810,2024-07-02,CUST-4453,46,Diğer,Kitap,Laptop,4,925.17,3700.68,2024-07,Tuesday
ORD-000811,2024-11-25,CUST-3883,36,İstanbul,Spor,Ayna,1,556.88,556.88,2024-11,Monday
ORD-000812,2024-09-29,CUST-2613,23,Antalya,Elektronik,Lambader,2,3699.71,7399.42,2024-09,Sunday
ORD-000813,2024-12-05,CUST-2640,50,Konya,Kozmetik,Bisiklet,4,2279.68,9118.72,2024-12,Thursday
ORD-000814,2024-03-09,CUST-3216,57,Gaziantep,Ev & Yaşam,Elbise,4,1651.47,6605.88,2024-03,Saturday
ORD-000815,2024-02-03,CUST-1216,36,Diğer,Elektronik,Şiir,3,4290.43,12871.29,2024-02,Saturday
ORD-000816,2024-09-18,CUST-1377,18,İstanbul,Spor,Telefon,2,2988.39,5976.78,2024-09,Wednesday
ORD-000817,2024-02-22,CUST-1118,22,Eskişehir,Spor,Şiir,3,2614.11,7842.33,2024-02,Thursday
ORD-000818,2024-07-23,CUST-1189,44,İstanbul,Spor,Koşu Bandı,2,3729.73,7459.46,2024-07,Tuesday
ORD-000819,2024-05-05,CUST-3814,33,Adana,Spor,Laptop,4,4087.14,16348.56,2024-05,Sunday
ORD-000820,2024-08-22,CUST-1369,23,Konya,Giyim,Bisiklet,3,3446.06,10338.18,2024-08,Thursday
ORD-000821,2024-02-12,CUST-2801,57,Antalya,Ev & Yaşam,Futbol Topu,1,2228.03,2228.03,2024-02,Monday
ORD-000822,2024-08-27,CUST-3196,30,İstanbul,Kozmetik,Nemlendirici,4,1927.53,7710.12,2024-08,Tuesday
ORD-000823,2024-04-20,CUST-4747,52,Eskişehir,Spor,Halı,2,3869.74,7739.48,2024-04,Saturday
ORD-000824,2024-09-05,CUST-1651,36,İstanbul,Spor,Nemlendirici,2,2613.64,5227.28,2024-09,Thursday
ORD-000825,2024-05-30,CUST-2882,29,İstanbul,Kitap,Biyografi,3,3536.71,10610.13,2024-05,Thursday
ORD-000826,2024-07-01,CUST-2511,33,Adana,Ev & Yaşam,Roman,3,4457.47,13372.41,2024-07,Monday
ORD-000827,2024-12-01,CUST-1769,60,Ankara,Elektronik,Ayna,2,4583.66,9167.32,2024-12,Sunday
ORD-000828,2024-04-04,CUST-3421,27,Kayseri,Ev & Yaşam,Parfüm,4,1424.69,5698.76,2024-04,Thursday
ORD-000829,2024-01-08,CUST-1780,42,Ankara,Ev & Yaşam,Şiir,3,980.06,2940.18,2024-01,Monday
ORD-000830,2024-12-25,CUST-2716,37,İstanbul,Kozmetik,Nemlendirici,1,1343.37,1343.37,2024-12,Wednesday
ORD-000831,2024-07-02,CUST-3207,48,Kayseri,Ev & Yaşam,Halı,2,3769.29,7538.58,2024-07,Tuesday
ORD-000832,2024-10-07,CUST-3398,21,İzmir,Kozmetik,Kulaklık,1,1881.79,1881.79,2024-10,Monday
ORD-000833,2024-07-13,CUST-4983,61,İstanbul,Spor,Yoga Matı,2,908.28,1816.56,2024-07,Saturday
ORD-000834,2024-12-17,CUST-2311,40,Adana,Spor,Koşu Bandı,1,537.01,537.01,2024-12,Tuesday
ORD-000835,2024-07-13,CUST-4359,19,İzmir,Giyim,Güneş Kremi,4,1670.2,6680.8,2024-07,Saturday
ORD-000836,2024-06-03,CUST-3939,39,Bursa,Kozmetik,Şiir,2,723.88,1447.76,2024-06,Monday
ORD-000837,2024-04-02,CUST-2249,54,Ankara,Kozmetik,Maskara,4,824.05,3296.2,2024-04,Tuesday
ORD-000838,2024-06-08,CUST-1522,25,Kayseri,Elektronik,Güneş Kremi,3,3435.23,10305.69,2024-06,Saturday
ORD-000839,2024-03-01,CUST-1521,24,Kayseri,Kitap,Ayakkabı,2,147.67,295.34,2024-03,Friday
ORD-000840,2024-05-01,CUST-1782,31,Adana,Ev & Yaşam,Yoga Matı,4,631.89,2527.56,2024-05,Wednesday
ORD-000841,2024-02-20,CUST-3320,20,İstanbul,Elektronik,Halı,1,4229.61,4229.61,2024-02,Tuesday
ORD-000842,2024-10-03,CUST-1935,33,Kayseri,Kozmetik,Güneş Kremi,4,4232.32,16929.28,2024-10,Thursday
ORD-000843,2024-01-05,CUST-4473,36,Antalya,Elektronik,Ayakkabı,2,1679.76,3359.52,2024-01,Friday
ORD-000844,2024-04-01,CUST-3230,35,Antalya,Giyim,Elbise,4,485.37,1941.48,2024-04,Monday
ORD-000845,2024-06-18,CUST-2688,33,Ankara,Kitap,Futbol Topu,1,3539.6,3539.6,2024-06,Tuesday
ORD-000846,2024-11-12,CUST-1487,25,Eskişehir,Kozmetik,Halter Seti,1,1832.65,1832.65,2024-11,Tuesday
ORD-000847,2024-01-22,CUST-2850,50,Adana,Kozmetik,Yoga Matı,1,275.05,275.05,2024-01,Monday
ORD-000848,2024-11-21,CUST-1845,29,İstanbul,Ev & Yaşam,Lambader,3,831.24,2493.72,2024-11,Thursday
ORD-000849,2024-01-01,CUST-3171,28,Ankara,Kitap,Elbise,2,729.21,1458.42,2024-01,Monday
ORD-000850,2024-05-12,CUST-4032,22,Diğer,Giyim,Roman,1,2966.13,2966.13,2024-05,Sunday
ORD-000851,2024-08-20,CUST-4697,44,İstanbul,Spor,Halı,3,4495.68,13487.04,2024-08,Tuesday
ORD-000852,2024-01-12,CUST-3837,29,Diğer,Elektronik,Laptop,1,3975.71,3975.71,2024-01,Friday
ORD-000853,2024-12-11,CUST-3461,34,Antalya,Ev & Yaşam,Nemlendirici,4,2755.25,11021.0,2024-12,Wednesday
ORD-000854,2024-02-15,CUST-3003,23,Bursa,Kozmetik,Koşu Bandı,2,2139.67,4279.34,2024-02,Thursday
ORD-000855,2024-02-03,CUST-2748,50,İstanbul,Spor,Kot Pantolon,4,3112.45,12449.8,2024-02,Saturday
ORD-000856,2024-03-18,CUST-4243,22,İstanbul,Giyim,Ruj,3,2246.87,6740.61,2024-03,Monday
ORD-000857,2024-08-05,CUST-4359,45,Diğer,Kitap,Vazo,4,1268.19,5072.76,2024-08,Monday
ORD-000858,2024-10-27,CUST-4506,31,İstanbul,Elektronik,Smartwatch,4,3412.03,13648.12,2024-10,Sunday
ORD-000859,2024-03-13,CUST-1685,22,Konya,Ev & Yaşam,Lambader,1,4372.56,4372.56,2024-03,Wednesday
ORD-000860,2024-10-08,CUST-3160,50,Ankara,Kozmetik,Halı,4,1895.71,7582.84,2024-10,Tuesday
ORD-000861,2024-09-05,CUST-3935,58,İstanbul,Kozmetik,Şiir,1,4215.62,4215.62,2024-09,Thursday
ORD-000862,2024-02-16,CUST-4988,36,İstanbul,Spor,Ruj,1,2183.86,2183.86,2024-02,Friday
ORD-000863,2024-04-30,CUST-3169,39,İzmir,Spor,Roman,2,2036.61,4073.22,2024-04,Tuesday
ORD-000864,2024-08-01,CUST-2567,22,Diğer,Elektronik,Ayna,3,190.21,570.63,2024-08,Thursday
ORD-000865,2024-08-26,CUST-2245,19,Ankara,Kitap,Tablet,3,3491.63,10474.89,2024-08,Monday
ORD-000866,2024-02-25,CUST-4702,47,Ankara,Giyim,Ayakkabı,3,4047.14,12141.42,2024-02,Sunday
ORD-000867,2024-12-15,CUST-1038,64,İstanbul,Kitap,Kot Pantolon,1,3334.61,3334.61,2024-12,Sunday
ORD-000868,2024-04-16,CUST-3544,56,İzmir,Kitap,Maskara,3,799.24,2397.72,2024-04,Tuesday
ORD-000869,2024-11-14,CUST-1779,21,Ankara,Kitap,Koşu Bandı,1,561.3,561.3,2024-11,Thursday
ORD-000870,2024-02-17,CUST-2256,50,Eskişehir,Elektronik,Yoga Matı,2,2885.65,5771.3,2024-02,Saturday
ORD-000871,2024-03-01,CUST-3990,30,İzmir,Elektronik,Ayakkabı,3,2037.51,6112.53,2024-03,Friday
ORD-000872,2024-12-02,CUST-4601,37,İzmir,Giyim,Ayna,1,2174.03,2174.03,2024-12,Monday
ORD-000873,2024-01-26,CUST-3196,24,İstanbul,Kitap,Vazo,3,4840.61,14521.83,2024-01,Friday
ORD-000874,2024-10-18,CUST-4468,32,Diğer,Elektronik,Roman,3,3633.42,10900.26,2024-10,Friday
ORD-000875,2024-09-13,CUST-4069,40,İstanbul,Giyim,Nemlendirici,2,2088.35,4176.7,2024-09,Friday
ORD-000876,2024-01-08,CUST-3708,31,İstanbul,Kozmetik,Ders Kitabı,4,144.54,578.16,2024-01,Monday
ORD-000877,2024-04-22,CUST-4709,40,Antalya,Giyim,Yoga Matı,3,218.77,656.31,2024-04,Monday
ORD-000878,2024-12-20,CUST-2927,36,İzmir,Kitap,Tişört,2,3439.78,6879.56,2024-12,Friday
ORD-000879,2024-09-09,CUST-1301,46,Ankara,Ev & Yaşam,Lambader,3,4196.81,12590.43,2024-09,Monday
ORD-000880,2024-06-28,CUST-4431,37,Ankara,Kitap,Kot Pantolon,3,3553.13,10659.39,2024-06,Friday
ORD-000881,2024-07-25,CUST-3285,46,Gaziantep,Ev & Yaşam,Kulaklık,3,2059.14,6177.42,2024-07,Thursday
ORD-000882,2024-10-29,CUST-1646,41,İstanbul,Giyim,Elbise,3,204.12,612.36,2024-10,Tuesday
ORD-000883,2024-05-06,CUST-1662,35,Kayseri,Kozmetik,Kulaklık,4,4838.64,19354.56,2024-05,Monday
ORD-000884,2024-02-25,CUST-3283,27,Bursa,Kozmetik,Ders Kitabı,4,4932.36,19729.44,2024-02,Sunday
ORD-000885,2024-08-01,CUST-2759,58,Ankara,Elektronik,Şiir,3,2769.35,8308.05,2024-08,Thursday
ORD-000886,2024-01-14,CUST-3250,25,Ankara,Kozmetik,Halter Seti,3,399.82,1199.46,2024-01,Sunday
ORD-000887,2024-01-28,CUST-1255,43,İstanbul,Spor,Tişört,2,2727.81,5455.62,2024-01,Sunday
ORD-000888,2024-03-18,CUST-1597,46,Konya,Giyim,Tişört,2,4467.08,8934.16,2024-03,Monday
ORD-000889,2024-08-03,CUST-1661,27,İzmir,Elektronik,Smartwatch,1,3415.93,3415.93,2024-08,Saturday
ORD-000890,2024-12-30,CUST-1234,34,İstanbul,Kozmetik,Biyografi,4,3613.95,14455.8,2024-12,Monday
ORD-000891,2024-06-02,CUST-2368,19,İzmir,Giyim,Kulaklık,3,470.6,1411.8,2024-06,Sunday
ORD-000892,2024-01-14,CUST-3581,23,Diğer,Kitap,Biyografi,4,577.23,2308.92,2024-01,Sunday
ORD-000893,2024-07-05,CUST-3907,22,Ankara,Kozmetik,Kulaklık,2,680.38,1360.76,2024-07,Friday
ORD-000894,2024-11-07,CUST-4868,45,Diğer,Ev & Yaşam,Biyografi,4,4526.67,18106.68,2024-11,Thursday
ORD-000895,2024-01-07,CUST-4852,58,İstanbul,Giyim,Smartwatch,4,2652.96,10611.84,2024-01,Sunday
ORD-000896,2024-01-03,CUST-4537,22,İstanbul,Elektronik,Ders Kitabı,3,3968.3,11904.9,2024-01,Wednesday
ORD-000897,2024-04-20,CUST-1769,35,İstanbul,Kitap,Nemlendirici,3,620.69,1862.07,2024-04,Saturday
ORD-000898,2024-08-25,CUST-3588,43,Ankara,Spor,Kulaklık,2,4641.83,9283.66,2024-08,Sunday
ORD-000899,2024-12-28,CUST-1212,37,İstanbul,Kitap,Ayakkabı,3,4114.65,12343.95,2024-12,Saturday
ORD-000900,2024-08-26,CUST-1462,58,İstanbul,Kozmetik,Koşu Bandı,2,1162.58,2325.16,2024-08,Monday
ORD-000901,2024-09-30,CUST-3483,44,Diğer,Ev & Yaşam,Güneş Kremi,2,4377.2,8754.4,2024-09,Monday
ORD-000902,2024-10-20,CUST-1282,29,Kayseri,Kitap,Maskara,1,1354.04,1354.04,2024-10,Sunday
ORD-000903,2024-08-14,CUST-4633,24,Konya,Spor,Kulaklık,1,1066.43,1066.43,2024-08,Wednesday
ORD-000904,2024-01-15,CUST-4678,20,İstanbul,Elektronik,Yoga Matı,1,1358.01,1358.01,2024-01,Monday
ORD-000905,2024-07-10,CUST-2486,27,İstanbul,Giyim,Elbise,4,4554.28,18217.12,2024-07,Wednesday
ORD-000906,2024-04-28,CUST-2430,51,İstanbul,Ev & Yaşam,Maskara,1,4582.18,4582.18,2024-04,Sunday
ORD-000907,2024-01-28,CUST-1087,42,Adana,Spor,Elbise,3,1678.53,5035.59,2024-01,Sunday
ORD-000908,2024-07-20,CUST-2067,52,Diğer,Kozmetik,Ders Kitabı,3,3541.9,10625.7,2024-07,Saturday
ORD-000909,2024-02-08,CUST-1460,33,Ankara,Kozmetik,Yoga Matı,1,3394.94,3394.94,2024-02,Thursday
ORD-000910,2024-09-29,CUST-3325,19,İstanbul,Kozmetik,Halı,4,4042.49,16169.96,2024-09,Sunday
ORD-000911,2024-08-18,CUST-4754,41,İzmir,Ev & Yaşam,Roman,2,1517.72,3035.44,2024-08,Sunday
ORD-000912,2024-03-26,CUST-3468,27,İstanbul,Kitap,Halter Seti,4,2575.19,10300.76,2024-03,Tuesday
ORD-000913,2024-05-05,CUST-2724,55,Ankara,Ev & Yaşam,Kulaklık,4,3354.99,13419.96,2024-05,Sunday
ORD-000914,2024-10-26,CUST-2376,39,Bursa,Kozmetik,Kulaklık,2,179.97,359.94,2024-10,Saturday
ORD-000915,2024-01-25,CUST-3743,43,Adana,Spor,Ayakkabı,2,1914.86,3829.72,2024-01,Thursday
ORD-000916,2024-05-24,CUST-1514,60,İstanbul,Giyim,Maskara,2,3494.65,6989.3,2024-05,Friday
ORD-000917,2024-01-13,CUST-1702,56,İstanbul,Giyim,Vazo,3,1300.35,3901.05,2024-01,Saturday
ORD-000918,2024-07-30,CUST-2653,44,Diğer,Ev & Yaşam,Telefon,2,4790.64,9581.28,2024-07,Tuesday
ORD-000919,2024-01-25,CUST-3066,46,İstanbul,Kozmetik,Yoga Matı,2,199.3,398.6,2024-01,Thursday
ORD-000920,2024-03-08,CUST-1022,64,İstanbul,Elektronik,Maskara,4,4792.53,19170.12,2024-03,Friday
ORD-000921,2024-03-07,CUST-3460,55,İstanbul,Ev & Yaşam,Parfüm,4,1122.98,4491.92,2024-03,Thursday
ORD-000922,2024-08-20,CUST-2053,37,İstanbul,Kozmetik,Bisiklet,1,291.67,291.67,2024-08,Tuesday
ORD-000923,2024-04-18,CUST-2830,44,Ankara,Kitap,Parfüm,4,1497.75,5991.0,2024-04,Thursday
ORD-000924,2024-05-25,CUST-3155,58,Gaziantep,Giyim,Smartwatch,2,3942.1,7884.2,2024-05,Saturday
ORD-000925,2024-04-20,CUST-4438,37,İstanbul,Giyim,Bisiklet,3,3774.59,11323.77,2024-04,Saturday
ORD-000926,2024-08-15,CUST-2304,61,Ankara,Giyim,Halter Seti,4,1083.76,4335.04,2024-08,Thursday
ORD-000927,2024-04-20,CUST-4199,36,Antalya,Elektronik,Mont,4,1024.11,4096.44,2024-04,Saturday
ORD-000928,2024-02-03,CUST-4300,37,İzmir,Kozmetik,Vazo,2,3230.77,6461.54,2024-02,Saturday
ORD-000929,2024-04-20,CUST-2134,52,Eskişehir,Kozmetik,Ayakkabı,4,2317.51,9270.04,2024-04,Saturday
ORD-000930,2024-09-20,CUST-3183,64,Eskişehir,Kozmetik,Lambader,4,3971.84,15887.36,2024-09,Friday
ORD-000931,2024-08-23,CUST-1361,19,İstanbul,Kozmetik,Halter Seti,2,169.46,338.92,2024-08,Friday
ORD-000932,2024-03-23,CUST-4257,47,Konya,Elektronik,Maskara,4,3071.54,12286.16,2024-03,Saturday
ORD-000933,2024-02-11,CUST-4727,51,Ankara,Spor,Lambader,3,3666.83,11000.49,2024-02,Sunday
ORD-000934,2024-04-10,CUST-4655,39,Diğer,Ev & Yaşam,Futbol Topu,1,4967.26,4967.26,2024-04,Wednesday
ORD-000935,2024-01-06,CUST-3176,20,Ankara,Ev & Yaşam,Futbol Topu,4,3409.97,13639.88,2024-01,Saturday
ORD-000936,2024-06-28,CUST-2899,23,Diğer,Kozmetik,Tişört,3,1197.63,3592.89,2024-06,Friday
ORD-000937,2024-10-08,CUST-2284,32,Konya,Kitap,Elbise,4,585.52,2342.08,2024-10,Tuesday
ORD-000938,2024-11-15,CUST-1514,44,İstanbul,Giyim,Maskara,1,3222.54,3222.54,2024-11,Friday
ORD-000939,2024-08-13,CUST-1448,27,İzmir,Elektronik,Ders Kitabı,2,2639.76,5279.52,2024-08,Tuesday
ORD-000940,2024-11-10,CUST-2923,26,Diğer,Kitap,Tablet,1,4500.77,4500.77,2024-11,Sunday
ORD-000941,2024-12-30,CUST-4175,50,Eskişehir,Kitap,Şiir,4,3646.71,14586.84,2024-12,Monday
ORD-000942,2024-08-16,CUST-2506,49,İstanbul,Kozmetik,Biyografi,1,2573.23,2573.23,2024-08,Friday
ORD-000943,2024-10-15,CUST-2247,23,Adana,Elektronik,Nemlendirici,1,2047.77,2047.77,2024-10,Tuesday
ORD-000944,2024-05-29,CUST-2855,58,İstanbul,Ev & Yaşam,Ayna,2,2051.65,4103.3,2024-05,Wednesday
ORD-000945,2024-10-03,CUST-1873,53,İstanbul,Giyim,Parfüm,4,1170.21,4680.84,2024-10,Thursday
ORD-000946,2024-07-16,CUST-4937,19,Ankara,Ev & Yaşam,Parfüm,1,135.76,135.76,2024-07,Tuesday
ORD-000947,2024-03-10,CUST-4562,46,İstanbul,Kitap,Koşu Bandı,1,2895.81,2895.81,2024-03,Sunday
ORD-000948,2024-04-21,CUST-3520,21,Gaziantep,Giyim,Bisiklet,2,1101.45,2202.9,2024-04,Sunday
ORD-000949,2024-01-04,CUST-4081,18,İstanbul,Spor,Futbol Topu,3,1081.22,3243.66,2024-01,Thursday
ORD-000950,2024-12-15,CUST-2428,36,Kayseri,Kitap,Kulaklık,4,670.64,2682.56,2024-12,Sunday
ORD-000951,2024-11-26,CUST-4967,43,İstanbul,Ev & Yaşam,Vazo,3,988.5,2965.5,2024-11,Tuesday
ORD-000952,2024-11-13,CUST-3349,42,İstanbul,Ev & Yaşam,Perde,3,207.36,622.08,2024-11,Wednesday
ORD-000953,2024-12-15,CUST-3278,27,İstanbul,Kozmetik,Koşu Bandı,2,3387.45,6774.9,2024-12,Sunday
ORD-000954,2024-04-04,CUST-2754,32,İstanbul,Ev & Yaşam,Biyografi,2,2036.92,4073.84,2024-04,Thursday
ORD-000955,2024-05-31,CUST-1922,39,İstanbul,Elektronik,Kulaklık,4,2829.55,11318.2,2024-05,Friday
ORD-000956,2024-11-06,CUST-4137,38,İstanbul,Kitap,Şiir,3,3202.94,9608.82,2024-11,Wednesday
ORD-000957,2024-05-16,CUST-3984,39,İzmir,Giyim,Mont,1,4863.8,4863.8,2024-05,Thursday
ORD-000958,2024-09-03,CUST-3159,53,İstanbul,Ev & Yaşam,Perde,3,387.92,1163.76,2024-09,Tuesday
ORD-000959,2024-08-30,CUST-2036,51,Ankara,Kozmetik,Perde,2,2118.69,4237.38,2024-08,Friday
ORD-000960,2024-01-31,CUST-2416,47,Ankara,Kozmetik,Bilim Kurgu,1,1267.19,1267.19,2024-01,Wednesday
ORD-000961,2024-02-09,CUST-3547,42,Eskişehir,Ev & Yaşam,Smartwatch,1,2409.72,2409.72,2024-02,Friday
ORD-000962,2024-08-16,CUST-3979,62,Diğer,Elektronik,Lambader,2,4606.34,9212.68,2024-08,Friday
ORD-000963,2024-02-05,CUST-3645,45,Ankara,Kozmetik,Roman,1,3633.72,3633.72,2024-02,Monday
ORD-000964,2024-08-10,CUST-3281,18,İstanbul,Giyim,Maskara,3,3326.65,9979.95,2024-08,Saturday
ORD-000965,2024-01-06,CUST-3649,62,İstanbul,Kitap,Maskara,2,2234.17,4468.34,2024-01,Saturday
ORD-000966,2024-11-17,CUST-1313,21,Diğer,Spor,Laptop,4,3372.01,13488.04,2024-11,Sunday
ORD-000967,2024-08-07,CUST-3613,24,İstanbul,Elektronik,Ders Kitabı,2,210.26,420.52,2024-08,Wednesday
ORD-000968,2024-03-15,CUST-4083,26,İstanbul,Kozmetik,Güneş Kremi,4,2951.88,11807.52,2024-03,Friday
ORD-000969,2024-01-04,CUST-3256,53,İstanbul,Kitap,Tablet,4,2791.19,11164.76,2024-01,Thursday
ORD-000970,2024-11-30,CUST-2997,36,İstanbul,Spor,Futbol Topu,2,1765.87,3531.74,2024-11,Saturday
ORD-000971,2024-05-13,CUST-2037,18,İstanbul,Ev & Yaşam,Laptop,2,1047.49,2094.98,2024-05,Monday
ORD-000972,2024-04-27,CUST-2656,27,Gaziantep,Ev & Yaşam,Kot Pantolon,4,4047.4,16189.6,2024-04,Saturday
ORD-000973,2024-04-03,CUST-4489,53,İstanbul,Giyim,Koşu Bandı,4,316.62,1266.48,2024-04,Wednesday
ORD-000974,2024-03-02,CUST-4508,26,Bursa,Spor,Ders Kitabı,1,394.88,394.88,2024-03,Saturday
ORD-000975,2024-07-12,CUST-4448,62,İstanbul,Ev & Yaşam,Futbol Topu,2,2230.58,4461.16,2024-07,Friday
ORD-000976,2024-11-30,CUST-4091,63,İstanbul,Ev & Yaşam,Bisiklet,2,1300.15,2600.3,2024-11,Saturday
ORD-000977,2024-07-21,CUST-3634,59,Diğer,Kozmetik,Ders Kitabı,1,3739.99,3739.99,2024-07,Sunday
ORD-000978,2024-01-26,CUST-4983,49,İstanbul,Giyim,Bilim Kurgu,2,3189.24,6378.48,2024-01,Friday
ORD-000979,2024-06-21,CUST-2778,49,Kayseri,Kitap,Maskara,1,3874.05,3874.05,2024-06,Friday
ORD-000980,2024-10-26,CUST-4806,23,İzmir,Ev & Yaşam,Kot Pantolon,1,1657.16,1657.16,2024-10,Saturday
ORD-000981,2024-05-12,CUST-2014,55,İstanbul,Elektronik,Şiir,2,3715.57,7431.14,2024-05,Sunday
ORD-000982,2024-11-21,CUST-2093,34,Diğer,Elektronik,Lambader,3,4318.4,12955.2,2024-11,Thursday
ORD-000983,2024-04-27,CUST-4895,27,İstanbul,Kitap,Perde,4,1759.11,7036.44,2024-04,Saturday
ORD-000984,2024-11-19,CUST-4282,44,Eskişehir,Spor,Tişört,2,1732.48,3464.96,2024-11,Tuesday
ORD-000985,2024-10-01,CUST-2124,52,İstanbul,Giyim,Smartwatch,3,4504.76,13514.28,2024-10,Tuesday
ORD-000986,2024-07-30,CUST-1697,38,Eskişehir,Kozmetik,Laptop,1,296.46,296.46,2024-07,Tuesday
ORD-000987,2024-08-12,CUST-3179,42,İstanbul,Elektronik,Lambader,3,1783.44,5350.32,2024-08,Monday
ORD-000988,2024-01-20,CUST-4694,45,İzmir,Elektronik,Şiir,2,637.43,1274.86,2024-01,Saturday
ORD-000989,2024-04-22,CUST-2404,64,Konya,Kitap,Elbise,2,193.45,386.9,2024-04,Monday
ORD-000990,2024-05-19,CUST-2155,32,Diğer,Spor,Tablet,3,608.7,1826.1,2024-05,Sunday
ORD-000991,2024-02-16,CUST-2043,21,Diğer,Spor,Tablet,2,2184.67,4369.34,2024-02,Friday
ORD-000992,2024-01-01,CUST-2929,46,Gaziantep,Kitap,Koşu Bandı,4,3450.43,13801.72,2024-01,Monday
ORD-000993,2024-03-30,CUST-3583,26,Diğer,Elektronik,Ayna,3,1481.95,4445.85,2024-03,Saturday
ORD-000994,2024-05-21,CUST-2013,44,İstanbul,Giyim,Roman,1,4255.89,4255.89,2024-05,Tuesday
ORD-000995,2024-11-15,CUST-1226,43,İstanbul,Elektronik,Mont,3,2216.2,6648.6,2024-11,Friday
ORD-000996,2024-02-07,CUST-4225,36,İstanbul,Spor,Kulaklık,3,4842.73,14528.19,2024-02,Wednesday
ORD-000997,2024-10-19,CUST-2828,45,Ankara,Kozmetik,Yoga Matı,3,4773.07,14319.21,2024-10,Saturday
ORD-000998,2024-05-18,CUST-4813,34,Ankara,Elektronik,Lambader,3,3877.72,11633.16,2024-05,Saturday
ORD-000999,2024-12-21,CUST-2492,60,İzmir,Giyim,Perde,1,4665.41,4665.41,2024-12,Saturday
ORD-001000,2024-11-28,CUST-1821,58,İstanbul,Ev & Yaşam,Kot Pantolon,1,3550.13,3550.13,2024-11,Thursday
ORD-001001,2024-09-15,CUST-3023,59,Antalya,Elektronik,Tablet,1,4483.14,4483.14,2024-09,Sunday
ORD-001002,2024-06-09,CUST-1870,37,İstanbul,Kitap,Tişört,3,1220.54,3661.62,2024-06,Sunday
ORD-001003,2024-06-26,CUST-3452,62,İstanbul,Ev & Yaşam,Elbise,4,1759.83,7039.32,2024-06,Wednesday
ORD-001004,2024-01-10,CUST-3249,57,İzmir,Kitap,Maskara,4,3777.0,15108.0,2024-01,Wednesday
ORD-001005,2024-09-17,CUST-3085,56,Gaziantep,Kitap,Futbol Topu,1,2151.58,2151.58,2024-09,Tuesday
ORD-001006,2024-05-17,CUST-3989,40,Adana,Kitap,Vazo,4,4194.77,16779.08,2024-05,Friday
ORD-001007,2024-06-20,CUST-2795,64,Bursa,Elektronik,Ruj,4,4394.31,17577.24,2024-06,Thursday
ORD-001008,2024-01-13,CUST-1187,49,İstanbul,Spor,Roman,4,1533.66,6134.64,2024-01,Saturday
ORD-001009,2024-06-16,CUST-2080,64,İzmir,Ev & Yaşam,Perde,4,4126.08,16504.32,2024-06,Sunday
ORD-001010,2024-05-09,CUST-1940,50,İstanbul,Giyim,Ayna,4,813.61,3254.44,2024-05,Thursday
ORD-001011,2024-03-24,CUST-4091,63,Ankara,Spor,Futbol Topu,2,1704.27,3408.54,2024-03,Sunday
ORD-001012,2024-11-16,CUST-3320,22,Ankara,Elektronik,Biyografi,1,2613.93,2613.93,2024-11,Saturday
ORD-001013,2024-11-14,CUST-4190,60,İstanbul,Kitap,Laptop,3,1170.9,3512.7,2024-11,Thursday
ORD-001014,2024-04-10,CUST-3630,51,İstanbul,Giyim,Biyografi,4,2917.38,11669.52,2024-04,Wednesday
ORD-001015,2024-11-24,CUST-3563,57,Diğer,Ev & Yaşam,Smartwatch,2,2914.54,5829.08,2024-11,Sunday
ORD-001016,2024-09-29,CUST-4292,28,Diğer,Spor,Biyografi,3,1074.17,3222.51,2024-09,Sunday
ORD-001017,2024-09-21,CUST-1525,20,Ankara,Kozmetik,Ayakkabı,2,3988.42,7976.84,2024-09,Saturday
ORD-001018,2024-02-07,CUST-4586,50,İstanbul,Spor,Bilim Kurgu,4,3176.64,12706.56,2024-02,Wednesday
ORD-001019,2024-04-03,CUST-4799,28,İstanbul,Giyim,Parfüm,4,1622.91,6491.64,2024-04,Wednesday
ORD-001020,2024-04-04,CUST-4812,33,Ankara,Elektronik,Nemlendirici,4,1199.31,4797.24,2024-04,Thursday
ORD-001021,2024-10-31,CUST-1335,35,Diğer,Ev & Yaşam,Futbol Topu,4,4399.81,17599.24,2024-10,Thursday
ORD-001022,2024-03-09,CUST-3745,47,İstanbul,Giyim,Telefon,3,4186.92,12560.76,2024-03,Saturday
ORD-001023,2024-11-13,CUST-2078,27,Konya,Kitap,Vazo,3,1187.32,3561.96,2024-11,Wednesday
ORD-001024,2024-08-23,CUST-3547,35,İstanbul,Ev & Yaşam,Yoga Matı,2,226.25,452.5,2024-08,Friday
ORD-001025,2024-11-29,CUST-3947,55,Diğer,Spor,Ruj,1,4032.44,4032.44,2024-11,Friday
ORD-001026,2024-05-16,CUST-4959,36,Ankara,Giyim,Parfüm,4,3096.77,12387.08,2024-05,Thursday
ORD-001027,2024-03-16,CUST-3813,53,Konya,Spor,Telefon,2,549.37,1098.74,2024-03,Saturday
ORD-001028,2024-02-04,CUST-3583,30,İstanbul,Spor,Ruj,2,2957.42,5914.84,2024-02,Sunday
ORD-001029,2024-01-01,CUST-1161,63,Bursa,Spor,Parfüm,2,2288.3,4576.6,2024-01,Monday
ORD-001030,2024-10-22,CUST-4741,20,İstanbul,Elektronik,Kulaklık,4,3884.02,15536.08,2024-10,Tuesday
ORD-001031,2024-11-15,CUST-1593,27,İstanbul,Spor,Güneş Kremi,4,1084.97,4339.88,2024-11,Friday
ORD-001032,2024-02-29,CUST-2938,55,Diğer,Kitap,Halı,2,2293.13,4586.26,2024-02,Thursday
ORD-001033,2024-11-15,CUST-3206,18,Diğer,Kitap,Mont,4,823.41,3293.64,2024-11,Friday
ORD-001034,2024-12-14,CUST-4259,44,Diğer,Ev & Yaşam,Futbol Topu,2,4789.76,9579.52,2024-12,Saturday
ORD-001035,2024-11-23,CUST-1059,63,Bursa,Kozmetik,Lambader,3,3904.75,11714.25,2024-11,Saturday
ORD-001036,2024-09-23,CUST-3962,25,Gaziantep,Spor,Ayna,4,3696.78,14787.12,2024-09,Monday
ORD-001037,2024-12-26,CUST-4888,63,İstanbul,Spor,Mont,3,3466.52,10399.56,2024-12,Thursday
ORD-001038,2024-08-16,CUST-4390,59,İstanbul,Giyim,Halter Seti,1,2145.52,2145.52,2024-08,Friday
ORD-001039,2024-09-26,CUST-2901,34,İstanbul,Elektronik,Vazo,4,4620.25,18481.0,2024-09,Thursday
ORD-001040,2024-11-11,CUST-3258,26,Bursa,Kozmetik,Maskara,1,410.94,410.94,2024-11,Monday
ORD-001041,2024-10-12,CUST-1405,23,Ankara,Ev & Yaşam,Mont,2,4026.13,8052.26,2024-10,Saturday
ORD-001042,2024-10-17,CUST-1663,60,İstanbul,Kozmetik,Yoga Matı,4,1115.4,4461.6,2024-10,Thursday
ORD-001043,2024-07-31,CUST-2132,42,İzmir,Spor,Roman,4,1653.94,6615.76,2024-07,Wednesday
ORD-001044,2024-06-13,CUST-2099,56,Gaziantep,Giyim,Laptop,4,2621.18,10484.72,2024-06,Thursday
ORD-001045,2024-01-05,CUST-1541,45,Ankara,Elektronik,Parfüm,1,3924.14,3924.14,2024-01,Friday
ORD-001046,2024-12-04,CUST-2337,50,İstanbul,Ev & Yaşam,Kot Pantolon,1,4200.75,4200.75,2024-12,Wednesday
ORD-001047,2024-03-18,CUST-1997,54,İstanbul,Kozmetik,Kulaklık,2,2939.47,5878.94,2024-03,Monday
ORD-001048,2024-03-02,CUST-2140,26,İstanbul,Ev & Yaşam,Biyografi,3,2045.03,6135.09,2024-03,Saturday
ORD-001049,2024-05-11,CUST-3974,35,İstanbul,Spor,Ayna,3,4735.19,14205.57,2024-05,Saturday
ORD-001050,2024-03-29,CUST-1867,38,Bursa,Ev & Yaşam,Halı,1,1270.28,1270.28,2024-03,Friday
ORD-001051,2024-08-24,CUST-4775,19,Bursa,Giyim,Koşu Bandı,4,4025.32,16101.28,2024-08,Saturday
ORD-001052,2024-02-11,CUST-3066,60,Antalya,Ev & Yaşam,Mont,3,3079.65,9238.95,2024-02,Sunday
ORD-001053,2024-03-29,CUST-1431,55,Ankara,Kitap,Elbise,3,1915.63,5746.89,2024-03,Friday
ORD-001054,2024-10-22,CUST-4756,57,Kayseri,Giyim,Yoga Matı,1,56.77,56.77,2024-10,Tuesday
ORD-001055,2024-11-23,CUST-1739,53,İstanbul,Kozmetik,Telefon,2,2260.67,4521.34,2024-11,Saturday
ORD-001056,2024-10-21,CUST-2373,60,Ankara,Elektronik,Halı,1,1419.76,1419.76,2024-10,Monday
ORD-001057,2024-04-13,CUST-1182,54,Gaziantep,Elektronik,Perde,1,566.52,566.52,2024-04,Saturday
ORD-001058,2024-01-14,CUST-3160,32,İstanbul,Spor,Ayakkabı,4,422.03,1688.12,2024-01,Sunday
ORD-001059,2024-10-14,CUST-2206,45,İstanbul,Spor,Mont,1,1770.41,1770.41,2024-10,Monday
ORD-001060,2024-06-27,CUST-3528,35,Diğer,Kitap,Halter Seti,4,3093.05,12372.2,2024-06,Thursday
ORD-001061,2024-05-04,CUST-2169,51,İstanbul,Kozmetik,Roman,2,4195.72,8391.44,2024-05,Saturday
ORD-001062,2024-12-18,CUST-1830,39,Antalya,Elektronik,Tablet,4,958.64,3834.56,2024-12,Wednesday
ORD-001063,2024-01-23,CUST-2651,28,İstanbul,Elektronik,Parfüm,2,2151.99,4303.98,2024-01,Tuesday
ORD-001064,2024-03-03,CUST-2136,30,Antalya,Elektronik,Ders Kitabı,2,1990.18,3980.36,2024-03,Sunday
ORD-001065,2024-05-22,CUST-3810,21,İstanbul,Elektronik,Bilim Kurgu,2,2591.3,5182.6,2024-05,Wednesday
ORD-001066,2024-06-01,CUST-1475,39,İstanbul,Ev & Yaşam,Tişört,1,4057.46,4057.46,2024-06,Saturday
ORD-001067,2024-05-24,CUST-3810,24,Bursa,Kozmetik,Kot Pantolon,4,2790.54,11162.16,2024-05,Friday
ORD-001068,2024-08-12,CUST-2326,60,İstanbul,Giyim,Elbise,3,4240.94,12722.82,2024-08,Monday
ORD-001069,2024-11-04,CUST-1970,41,Ankara,Giyim,Biyografi,1,2616.83,2616.83,2024-11,Monday
ORD-001070,2024-04-13,CUST-4896,21,İstanbul,Kitap,Laptop,2,3039.04,6078.08,2024-04,Saturday
ORD-001071,2024-04-13,CUST-2019,45,İstanbul,Ev & Yaşam,Mont,3,2215.05,6645.15,2024-04,Saturday
ORD-001072,2024-02-08,CUST-2141,32,İstanbul,Elektronik,Ayna,1,4124.32,4124.32,2024-02,Thursday
ORD-001073,2024-07-16,CUST-2836,18,İstanbul,Elektronik,Tablet,3,4622.94,13868.82,2024-07,Tuesday
ORD-001074,2024-05-13,CUST-1160,20,Diğer,Spor,Vazo,2,3213.77,6427.54,2024-05,Monday
ORD-001075,2024-03-07,CUST-3448,31,İstanbul,Spor,Telefon,3,4112.87,12338.61,2024-03,Thursday
ORD-001076,2024-06-27,CUST-1197,55,Ankara,Kitap,Kot Pantolon,3,342.07,1026.21,2024-06,Thursday
ORD-001077,2024-02-11,CUST-2283,18,İstanbul,Elektronik,Güneş Kremi,2,4535.25,9070.5,2024-02,Sunday
ORD-001078,2024-01-15,CUST-1659,55,İstanbul,Kitap,Halter Seti,3,985.18,2955.54,2024-01,Monday
ORD-001079,2024-04-20,CUST-2775,55,Diğer,Ev & Yaşam,Ayakkabı,1,1319.78,1319.78,2024-04,Saturday
ORD-001080,2024-06-05,CUST-2070,38,İstanbul,Giyim,Bilim Kurgu,3,313.98,941.94,2024-06,Wednesday
ORD-001081,2024-10-15,CUST-3010,46,Diğer,Elektronik,Güneş Kremi,4,4828.73,19314.92,2024-10,Tuesday
ORD-001082,2024-08-18,CUST-1398,22,İstanbul,Kozmetik,Ders Kitabı,1,4267.45,4267.45,2024-08,Sunday
ORD-001083,2024-06-05,CUST-2733,27,Konya,Ev & Yaşam,Telefon,3,4570.26,13710.78,2024-06,Wednesday
ORD-001084,2024-02-07,CUST-2582,45,İzmir,Elektronik,Ders Kitabı,4,4243.72,16974.88,2024-02,Wednesday
ORD-001085,2024-04-06,CUST-3125,38,Diğer,Kozmetik,Parfüm,4,2423.68,9694.72,2024-04,Saturday
ORD-001086,2024-10-15,CUST-3171,24,İzmir,Spor,Parfüm,4,4624.21,18496.84,2024-10,Tuesday
ORD-001087,2024-09-10,CUST-1074,20,İzmir,Kitap,Elbise,3,4848.89,14546.67,2024-09,Tuesday
ORD-001088,2024-07-14,CUST-4942,62,İstanbul,Spor,Perde,2,2537.71,5075.42,2024-07,Sunday
ORD-001089,2024-03-26,CUST-3184,64,İstanbul,Giyim,Mont,4,919.34,3677.36,2024-03,Tuesday
ORD-001090,2024-11-17,CUST-1601,37,Diğer,Spor,Tablet,2,3310.18,6620.36,2024-11,Sunday
ORD-001091,2024-01-10,CUST-4471,36,İstanbul,Elektronik,Roman,1,4878.42,4878.42,2024-01,Wednesday
ORD-001092,2024-01-05,CUST-1836,52,Ankara,Kozmetik,Vazo,2,4367.13,8734.26,2024-01,Friday
ORD-001093,2024-05-02,CUST-2528,21,Konya,Spor,Yoga Matı,2,4315.99,8631.98,2024-05,Thursday
ORD-001094,2024-11-25,CUST-1499,22,İstanbul,Elektronik,Ruj,2,4672.4,9344.8,2024-11,Monday
ORD-001095,2024-12-18,CUST-2596,18,Diğer,Giyim,Halı,2,4475.06,8950.12,2024-12,Wednesday
ORD-001096,2024-04-27,CUST-1137,21,Adana,Kozmetik,Perde,2,3892.59,7785.18,2024-04,Saturday
ORD-001097,2024-10-20,CUST-3097,29,İzmir,Spor,Ayakkabı,1,3605.45,3605.45,2024-10,Sunday
ORD-001098,2024-06-07,CUST-2794,44,Diğer,Kitap,Yoga Matı,1,1360.6,1360.6,2024-06,Friday
ORD-001099,2024-10-29,CUST-1972,59,İstanbul,Kitap,Güneş Kremi,2,3125.63,6251.26,2024-10,Tuesday
ORD-001100,2024-08-15,CUST-2642,40,İstanbul,Kozmetik,Telefon,2,2631.37,5262.74,2024-08,Thursday
ORD-001101,2024-12-30,CUST-4696,42,Ankara,Kitap,Telefon,4,4316.62,17266.48,2024-12,Monday
ORD-001102,2024-08-03,CUST-2885,38,İstanbul,Spor,Lambader,1,2483.98,2483.98,2024-08,Saturday
ORD-001103,2024-07-02,CUST-3301,41,Konya,Spor,Lambader,3,682.33,2046.99,2024-07,Tuesday
ORD-001104,2024-01-15,CUST-4701,42,Diğer,Kozmetik,Şiir,1,74.61,74.61,2024-01,Monday
ORD-001105,2024-06-05,CUST-3028,62,Ankara,Spor,Koşu Bandı,3,3405.47,10216.41,2024-06,Wednesday
ORD-001106,2024-05-15,CUST-3757,63,İstanbul,Elektronik,Parfüm,4,2772.05,11088.2,2024-05,Wednesday
ORD-001107,2024-09-17,CUST-4920,49,Diğer,Giyim,Halı,2,1688.27,3376.54,2024-09,Tuesday
ORD-001108,2024-06-05,CUST-2900,49,Ankara,Kitap,Biyografi,4,886.41,3545.64,2024-06,Wednesday
ORD-001109,2024-02-16,CUST-3610,22,Ankara,Elektronik,Koşu Bandı,2,2360.24,4720.48,2024-02,Friday
ORD-001110,2024-11-19,CUST-3804,53,Ankara,Kozmetik,Maskara,1,546.42,546.42,2024-11,Tuesday
ORD-001111,2024-11-27,CUST-4986,63,Diğer,Kitap,Kulaklık,2,1713.74,3427.48,2024-11,Wednesday
ORD-001112,2024-06-21,CUST-2449,59,İzmir,Elektronik,Bilim Kurgu,3,1927.1,5781.3,2024-06,Friday
ORD-001113,2024-05-09,CUST-1546,59,Konya,Spor,Yoga Matı,3,2354.81,7064.43,2024-05,Thursday
ORD-001114,2024-04-04,CUST-4373,56,Gaziantep,Kozmetik,Biyografi,4,2359.77,9439.08,2024-04,Thursday
ORD-001115,2024-04-24,CUST-1921,33,İstanbul,Kozmetik,Vazo,1,1322.18,1322.18,2024-04,Wednesday
ORD-001116,2024-08-30,CUST-1580,50,Ankara,Kitap,Ayakkabı,3,4258.54,12775.62,2024-08,Friday
ORD-001117,2024-10-18,CUST-2372,38,Kayseri,Spor,Laptop,4,1809.94,7239.76,2024-10,Friday
ORD-001118,2024-10-08,CUST-4903,26,Ankara,Kitap,Perde,1,1186.46,1186.46,2024-10,Tuesday
ORD-001119,2024-10-25,CUST-2956,23,Gaziantep,Ev & Yaşam,Halı,1,920.26,920.26,2024-10,Friday
ORD-001120,2024-10-09,CUST-3003,62,Diğer,Elektronik,Koşu Bandı,4,1646.76,6587.04,2024-10,Wednesday
ORD-001121,2024-03-09,CUST-3096,52,Bursa,Ev & Yaşam,Şiir,3,384.39,1153.17,2024-03,Saturday
ORD-001122,2024-05-27,CUST-3964,56,Konya,Elektronik,Tablet,3,212.89,638.67,2024-05,Monday
ORD-001123,2024-01-11,CUST-4145,39,Gaziantep,Giyim,Lambader,4,3045.45,12181.8,2024-01,Thursday
ORD-001124,2024-09-10,CUST-1703,58,Kayseri,Kozmetik,Bisiklet,3,3114.78,9344.34,2024-09,Tuesday
ORD-001125,2024-11-25,CUST-3308,22,Ankara,Kitap,Laptop,4,2671.46,10685.84,2024-11,Monday
ORD-001126,2024-12-25,CUST-3403,59,İstanbul,Giyim,Roman,3,3823.31,11469.93,2024-12,Wednesday
ORD-001127,2024-02-07,CUST-4653,40,Ankara,Giyim,Ayna,3,243.8,731.4,2024-02,Wednesday
ORD-001128,2024-05-13,CUST-2625,34,Antalya,Kozmetik,Ruj,4,4683.07,18732.28,2024-05,Monday
ORD-001129,2024-07-18,CUST-4331,29,Ankara,Kozmetik,Halı,4,520.57,2082.28,2024-07,Thursday
ORD-001130,2024-01-23,CUST-1637,40,Konya,Elektronik,Perde,3,3386.41,10159.23,2024-01,Tuesday
ORD-001131,2024-10-29,CUST-3790,33,Ankara,Ev & Yaşam,Smartwatch,4,710.31,2841.24,2024-10,Tuesday
ORD-001132,2024-12-11,CUST-4366,20,Bursa,Spor,Smartwatch,3,4405.53,13216.59,2024-12,Wednesday
ORD-001133,2024-10-28,CUST-2009,47,İstanbul,Elektronik,Smartwatch,2,2578.03,5156.06,2024-10,Monday
ORD-001134,2024-12-28,CUST-3978,39,Konya,Spor,Kulaklık,1,457.35,457.35,2024-12,Saturday
ORD-001135,2024-08-05,CUST-1640,26,İzmir,Giyim,Halter Seti,1,3102.78,3102.78,2024-08,Monday
ORD-001136,2024-05-20,CUST-3839,46,İstanbul,Spor,Mont,3,95.09,285.27,2024-05,Monday
ORD-001137,2024-04-13,CUST-4384,64,İstanbul,Ev & Yaşam,Futbol Topu,1,3891.31,3891.31,2024-04,Saturday
ORD-001138,2024-07-28,CUST-3659,54,Konya,Elektronik,Perde,3,3270.4,9811.2,2024-07,Sunday
ORD-001139,2024-04-20,CUST-2861,40,Ankara,Kozmetik,Koşu Bandı,4,1102.49,4409.96,2024-04,Saturday
ORD-001140,2024-04-13,CUST-3856,30,İstanbul,Ev & Yaşam,Şiir,2,1905.02,3810.04,2024-04,Saturday
ORD-001141,2024-11-11,CUST-2205,49,Diğer,Ev & Yaşam,Ruj,1,88.64,88.64,2024-11,Monday
ORD-001142,2024-06-19,CUST-1685,63,Adana,Elektronik,Smartwatch,1,3483.73,3483.73,2024-06,Wednesday
ORD-001143,2024-12-21,CUST-2851,64,Diğer,Kozmetik,Ders Kitabı,4,1647.21,6588.84,2024-12,Saturday
ORD-001144,2024-11-19,CUST-4435,40,Ankara,Ev & Yaşam,Parfüm,2,2879.37,5758.74,2024-11,Tuesday
ORD-001145,2024-05-12,CUST-1187,62,Ankara,Kozmetik,Şiir,2,4785.8,9571.6,2024-05,Sunday
ORD-001146,2024-10-19,CUST-4640,34,Diğer,Kitap,Ayna,2,1532.36,3064.72,2024-10,Saturday
ORD-001147,2024-11-23,CUST-4614,57,İzmir,Kitap,Telefon,4,4951.68,19806.72,2024-11,Saturday
ORD-001148,2024-05-06,CUST-2619,38,Adana,Kitap,Ders Kitabı,1,3182.01,3182.01,2024-05,Monday
ORD-001149,2024-04-15,CUST-2687,19,İstanbul,Spor,Perde,1,1248.34,1248.34,2024-04,Monday
ORD-001150,2024-04-01,CUST-1984,54,Ankara,Ev & Yaşam,Smartwatch,2,2212.05,4424.1,2024-04,Monday
ORD-001151,2024-10-13,CUST-1547,23,İstanbul,Elektronik,Kot Pantolon,4,3715.24,14860.96,2024-10,Sunday
ORD-001152,2024-02-20,CUST-3772,61,İstanbul,Elektronik,Ayna,4,2260.07,9040.28,2024-02,Tuesday
ORD-001153,2024-01-29,CUST-3973,35,İstanbul,Spor,Yoga Matı,4,389.11,1556.44,2024-01,Monday
ORD-001154,2024-10-22,CUST-2431,47,İstanbul,Elektronik,Laptop,2,884.59,1769.18,2024-10,Tuesday
ORD-001155,2024-10-23,CUST-1875,39,Diğer,Kitap,Roman,4,3966.92,15867.68,2024-10,Wednesday
ORD-001156,2024-08-01,CUST-1617,50,İstanbul,Ev & Yaşam,Parfüm,2,3259.45,6518.9,2024-08,Thursday
ORD-001157,2024-09-23,CUST-3461,47,Antalya,Elektronik,Roman,2,2870.64,5741.28,2024-09,Monday
ORD-001158,2024-09-13,CUST-2365,34,Kayseri,Elektronik,Futbol Topu,2,879.73,1759.46,2024-09,Friday
ORD-001159,2024-10-28,CUST-2243,60,İzmir,Giyim,Futbol Topu,3,4196.9,12590.7,2024-10,Monday
ORD-001160,2024-04-10,CUST-1902,49,İstanbul,Giyim,Ders Kitabı,2,4805.66,9611.32,2024-04,Wednesday
ORD-001161,2024-12-11,CUST-1162,59,Adana,Giyim,Maskara,4,252.39,1009.56,2024-12,Wednesday
ORD-001162,2024-04-19,CUST-2974,31,Bursa,Ev & Yaşam,Telefon,3,436.26,1308.78,2024-04,Friday
ORD-001163,2024-06-30,CUST-4291,27,Adana,Kitap,Ayna,1,4429.39,4429.39,2024-06,Sunday
ORD-001164,2024-11-08,CUST-1269,64,Konya,Kozmetik,Futbol Topu,1,4086.98,4086.98,2024-11,Friday
ORD-001165,2024-01-01,CUST-1631,53,Diğer,Kitap,Bisiklet,4,3108.78,12435.12,2024-01,Monday
ORD-001166,2024-11-14,CUST-1905,51,İzmir,Kitap,Koşu Bandı,4,4727.58,18910.32,2024-11,Thursday
ORD-001167,2024-02-24,CUST-4919,26,İstanbul,Ev & Yaşam,Nemlendirici,4,3249.83,12999.32,2024-02,Saturday
ORD-001168,2024-05-28,CUST-4471,59,Bursa,Ev & Yaşam,Kot Pantolon,4,1119.13,4476.52,2024-05,Tuesday
ORD-001169,2024-11-04,CUST-4253,45,İstanbul,Giyim,Güneş Kremi,3,3656.78,10970.34,2024-11,Monday
ORD-001170,2024-05-16,CUST-3014,28,Diğer,Elektronik,Tablet,4,3246.27,12985.08,2024-05,Thursday
ORD-001171,2024-07-20,CUST-2641,31,İstanbul,Spor,Laptop,2,4929.44,9858.88,2024-07,Saturday
ORD-001172,2024-11-08,CUST-4800,56,İstanbul,Spor,Tablet,1,1108.78,1108.78,2024-11,Friday
ORD-001173,2024-04-26,CUST-1204,64,Gaziantep,Kozmetik,Kulaklık,4,3009.53,12038.12,2024-04,Friday
ORD-001174,2024-06-02,CUST-1581,36,İzmir,Elektronik,Tablet,2,3911.83,7823.66,2024-06,Sunday
ORD-001175,2024-10-17,CUST-2579,32,Ankara,Kozmetik,Şiir,4,1727.97,6911.88,2024-10,Thursday
ORD-001176,2024-03-03,CUST-1840,45,Ankara,Giyim,Bisiklet,2,1929.41,3858.82,2024-03,Sunday
ORD-001177,2024-08-31,CUST-2836,41,Eskişehir,Kozmetik,Nemlendirici,3,4445.11,13335.33,2024-08,Saturday
ORD-001178,2024-01-25,CUST-2251,25,İstanbul,Elektronik,Roman,1,2050.76,2050.76,2024-01,Thursday
ORD-001179,2024-03-30,CUST-2719,60,Eskişehir,Elektronik,Güneş Kremi,1,3142.43,3142.43,2024-03,Saturday
ORD-001180,2024-03-15,CUST-2642,26,İstanbul,Spor,Elbise,3,4451.73,13355.19,2024-03,Friday
ORD-001181,2024-10-20,CUST-3643,64,Konya,Giyim,Halı,2,1088.64,2177.28,2024-10,Sunday
ORD-001182,2024-07-28,CUST-4921,50,Kayseri,Ev & Yaşam,Koşu Bandı,4,4910.29,19641.16,2024-07,Sunday
ORD-001183,2024-12-12,CUST-3297,50,İstanbul,Kozmetik,Kot Pantolon,2,3524.67,7049.34,2024-12,Thursday
ORD-001184,2024-01-17,CUST-1874,36,Ankara,Spor,Bilim Kurgu,1,2505.8,2505.8,2024-01,Wednesday
ORD-001185,2024-05-07,CUST-2464,20,İstanbul,Kozmetik,Perde,3,2183.06,6549.18,2024-05,Tuesday
ORD-001186,2024-12-29,CUST-4604,27,Adana,Kozmetik,Mont,3,4774.1,14322.3,2024-12,Sunday
ORD-001187,2024-09-07,CUST-3243,57,İzmir,Ev & Yaşam,Maskara,2,1068.34,2136.68,2024-09,Saturday
ORD-001188,2024-06-27,CUST-1689,64,Bursa,Giyim,Halı,2,1592.83,3185.66,2024-06,Thursday
ORD-001189,2024-06-30,CUST-3010,59,İstanbul,Elektronik,Maskara,3,1573.57,4720.71,2024-06,Sunday
ORD-001190,2024-05-31,CUST-4590,18,İstanbul,Kitap,Ayakkabı,1,1480.58,1480.58,2024-05,Friday
ORD-001191,2024-01-25,CUST-4141,46,İstanbul,Kozmetik,Bilim Kurgu,4,2369.26,9477.04,2024-01,Thursday
ORD-001192,2024-06-28,CUST-3686,51,İstanbul,Kitap,Maskara,4,4946.44,19785.76,2024-06,Friday
ORD-001193,2024-07-16,CUST-2422,30,İzmir,Giyim,Halı,2,4449.49,8898.98,2024-07,Tuesday
ORD-001194,2024-12-09,CUST-3001,18,Eskişehir,Kitap,Tişört,3,1673.35,5020.05,2024-12,Monday
ORD-001195,2024-06-09,CUST-1671,51,Antalya,Kozmetik,Parfüm,3,2143.21,6429.63,2024-06,Sunday
ORD-001196,2024-06-25,CUST-4831,46,Ankara,Ev & Yaşam,Şiir,3,3363.93,10091.79,2024-06,Tuesday
ORD-001197,2024-10-11,CUST-4274,64,Diğer,Kitap,Bisiklet,1,134.9,134.9,2024-10,Friday
ORD-001198,2024-03-03,CUST-2171,30,Adana,Giyim,Şiir,2,4109.76,8219.52,2024-03,Sunday
ORD-001199,2024-05-29,CUST-2495,46,Diğer,Giyim,Şiir,2,4405.0,8810.0,2024-05,Wednesday
ORD-001200,2024-06-02,CUST-4726,56,İzmir,Ev & Yaşam,Futbol Topu,2,4293.14,8586.28,2024-06,Sunday
ORD-001201,2024-06-04,CUST-1943,41,İstanbul,Kitap,Şiir,1,1906.52,1906.52,2024-06,Tuesday
ORD-001202,2024-02-18,CUST-3246,43,İstanbul,Kitap,Koşu Bandı,2,2336.9,4673.8,2024-02,Sunday
ORD-001203,2024-12-02,CUST-4988,34,Adana,Elektronik,Bisiklet,4,111.32,445.28,2024-12,Monday
ORD-001204,2024-03-24,CUST-2449,24,İstanbul,Spor,Parfüm,2,2027.01,4054.02,2024-03,Sunday
ORD-001205,2024-12-26,CUST-4737,30,İstanbul,Giyim,Güneş Kremi,2,2329.11,4658.22,2024-12,Thursday
ORD-001206,2024-06-25,CUST-3539,22,İzmir,Elektronik,Yoga Matı,2,4539.52,9079.04,2024-06,Tuesday
ORD-001207,2024-05-27,CUST-4959,43,İzmir,Giyim,Tişört,1,4475.24,4475.24,2024-05,Monday
ORD-001208,2024-04-27,CUST-1895,20,Bursa,Elektronik,Halı,4,4832.18,19328.72,2024-04,Saturday
ORD-001209,2024-12-07,CUST-3189,24,İstanbul,Spor,Kot Pantolon,4,4431.27,17725.08,2024-12,Saturday
ORD-001210,2024-03-03,CUST-2336,56,Ankara,Elektronik,Futbol Topu,3,90.59,271.77,2024-03,Sunday
ORD-001211,2024-07-07,CUST-1164,18,Bursa,Giyim,Perde,3,3225.23,9675.69,2024-07,Sunday
ORD-001212,2024-12-25,CUST-3361,34,Diğer,Kitap,Parfüm,4,387.78,1551.12,2024-12,Wednesday
ORD-001213,2024-02-18,CUST-3068,60,Adana,Giyim,Ayna,2,1399.34,2798.68,2024-02,Sunday
ORD-001214,2024-11-22,CUST-2105,42,Diğer,Kozmetik,Halter Seti,2,2912.62,5825.24,2024-11,Friday
ORD-001215,2024-09-13,CUST-4652,20,Konya,Ev & Yaşam,Ruj,2,3518.04,7036.08,2024-09,Friday
ORD-001216,2024-08-11,CUST-4202,32,İzmir,Ev & Yaşam,Lambader,1,3290.43,3290.43,2024-08,Sunday
ORD-001217,2024-05-20,CUST-4670,46,İstanbul,Kozmetik,Vazo,2,292.84,585.68,2024-05,Monday
ORD-001218,2024-08-02,CUST-2753,60,Antalya,Ev & Yaşam,Tişört,1,562.84,562.84,2024-08,Friday
ORD-001219,2024-07-29,CUST-4031,49,Bursa,Ev & Yaşam,Ayna,4,686.5,2746.0,2024-07,Monday
ORD-001220,2024-11-13,CUST-3352,43,Bursa,Spor,Futbol Topu,2,502.5,1005.0,2024-11,Wednesday
ORD-001221,2024-02-01,CUST-2938,33,Ankara,Kitap,Tablet,2,932.26,1864.52,2024-02,Thursday
ORD-001222,2024-06-06,CUST-1370,42,İzmir,Kitap,Tablet,3,3458.01,10374.03,2024-06,Thursday
ORD-001223,2024-10-11,CUST-2880,45,İstanbul,Giyim,Smartwatch,4,4162.64,16650.56,2024-10,Friday
ORD-001224,2024-10-31,CUST-1852,26,İzmir,Kozmetik,Futbol Topu,2,2073.63,4147.26,2024-10,Thursday
ORD-001225,2024-10-12,CUST-1383,18,İstanbul,Elektronik,Tablet,1,3479.27,3479.27,2024-10,Saturday
ORD-001226,2024-05-23,CUST-2931,46,Gaziantep,Giyim,Elbise,4,1040.08,4160.32,2024-05,Thursday
ORD-001227,2024-01-19,CUST-3492,39,İstanbul,Giyim,Futbol Topu,3,4867.74,14603.22,2024-01,Friday
ORD-001228,2024-01-18,CUST-1424,33,İstanbul,Giyim,Ruj,4,1782.49,7129.96,2024-01,Thursday
ORD-001229,2024-09-13,CUST-3208,58,Ankara,Giyim,Halter Seti,1,4237.04,4237.04,2024-09,Friday
ORD-001230,2024-03-18,CUST-4249,61,Antalya,Kitap,Yoga Matı,3,4729.56,14188.68,2024-03,Monday
ORD-001231,2024-06-23,CUST-1628,58,Ankara,Elektronik,Lambader,1,4330.33,4330.33,2024-06,Sunday
ORD-001232,2024-07-12,CUST-4779,24,İstanbul,Giyim,Lambader,4,381.98,1527.92,2024-07,Friday
ORD-001233,2024-04-22,CUST-1894,31,İzmir,Kitap,Vazo,3,3269.02,9807.06,2024-04,Monday
ORD-001234,2024-04-23,CUST-3537,46,İstanbul,Giyim,Bilim Kurgu,1,644.45,644.45,2024-04,Tuesday
ORD-001235,2024-08-09,CUST-4064,36,Diğer,Ev & Yaşam,Ayakkabı,4,78.03,312.12,2024-08,Friday
ORD-001236,2024-06-14,CUST-3374,36,Diğer,Giyim,Koşu Bandı,1,306.33,306.33,2024-06,Friday
ORD-001237,2024-11-14,CUST-1597,19,İzmir,Kozmetik,Futbol Topu,2,4584.94,9169.88,2024-11,Thursday
ORD-001238,2024-05-11,CUST-4062,58,İstanbul,Kozmetik,Perde,4,4546.89,18187.56,2024-05,Saturday
ORD-001239,2024-09-20,CUST-3336,62,Adana,Giyim,Koşu Bandı,3,1167.83,3503.49,2024-09,Friday
ORD-001240,2024-02-24,CUST-1592,32,İstanbul,Spor,Parfüm,3,2757.95,8273.85,2024-02,Saturday
ORD-001241,2024-12-24,CUST-2687,20,Ankara,Ev & Yaşam,Futbol Topu,2,4777.39,9554.78,2024-12,Tuesday
ORD-001242,2024-05-10,CUST-4644,28,İstanbul,Elektronik,Tablet,1,2508.7,2508.7,2024-05,Friday
ORD-001243,2024-10-14,CUST-1572,63,Diğer,Giyim,Parfüm,1,1998.21,1998.21,2024-10,Monday
ORD-001244,2024-09-22,CUST-4425,47,İstanbul,Elektronik,Güneş Kremi,3,2442.08,7326.24,2024-09,Sunday
ORD-001245,2024-06-10,CUST-3075,57,İzmir,Ev & Yaşam,Halter Seti,1,3961.57,3961.57,2024-06,Monday
ORD-001246,2024-03-27,CUST-4001,35,Konya,Giyim,Roman,4,2412.52,9650.08,2024-03,Wednesday
ORD-001247,2024-02-24,CUST-3090,19,Ankara,Spor,Halı,4,3927.22,15708.88,2024-02,Saturday
ORD-001248,2024-10-14,CUST-2704,49,İstanbul,Kitap,Mont,3,2186.9,6560.7,2024-10,Monday
ORD-001249,2024-06-26,CUST-3470,25,Diğer,Spor,Elbise,4,1297.43,5189.72,2024-06,Wednesday
ORD-001250,2024-12-14,CUST-4669,39,İzmir,Spor,Tablet,3,1666.04,4998.12,2024-12,Saturday
ORD-001251,2024-01-08,CUST-1176,23,Bursa,Kitap,Kot Pantolon,1,435.23,435.23,2024-01,Monday
ORD-001252,2024-11-16,CUST-1528,29,İstanbul,Kitap,Mont,1,2512.04,2512.04,2024-11,Saturday
ORD-001253,2024-11-08,CUST-2633,64,Ankara,Kozmetik,Perde,1,783.15,783.15,2024-11,Friday
ORD-001254,2024-09-03,CUST-1965,57,Ankara,Kitap,Halı,2,4067.16,8134.32,2024-09,Tuesday
ORD-001255,2024-11-18,CUST-2517,53,İstanbul,Giyim,Ders Kitabı,3,2131.92,6395.76,2024-11,Monday
ORD-001256,2024-09-11,CUST-1197,32,İstanbul,Elektronik,Telefon,4,3836.76,15347.04,2024-09,Wednesday
ORD-001257,2024-11-23,CUST-3657,45,Kayseri,Kozmetik,Mont,1,4774.58,4774.58,2024-11,Saturday
ORD-001258,2024-02-23,CUST-4648,62,İstanbul,Kozmetik,Ders Kitabı,2,4254.92,8509.84,2024-02,Friday
ORD-001259,2024-09-05,CUST-3889,35,İstanbul,Elektronik,Kulaklık,4,4759.75,19039.0,2024-09,Thursday
ORD-001260,2024-08-26,CUST-1852,19,İzmir,Kozmetik,Güneş Kremi,4,2861.29,11445.16,2024-08,Monday
ORD-001261,2024-08-16,CUST-4588,30,Konya,Kitap,Kot Pantolon,4,868.36,3473.44,2024-08,Friday
ORD-001262,2024-03-07,CUST-2537,62,İstanbul,Spor,Ayakkabı,1,4680.21,4680.21,2024-03,Thursday
ORD-001263,2024-02-20,CUST-3069,32,İzmir,Ev & Yaşam,Lambader,4,4349.1,17396.4,2024-02,Tuesday
ORD-001264,2024-04-06,CUST-4183,37,İstanbul,Kitap,Bisiklet,3,4328.84,12986.52,2024-04,Saturday
ORD-001265,2024-04-01,CUST-2080,46,İstanbul,Spor,Tablet,2,3481.71,6963.42,2024-04,Monday
ORD-001266,2024-09-20,CUST-4137,59,İstanbul,Spor,Ayakkabı,4,3143.34,12573.36,2024-09,Friday
ORD-001267,2024-10-17,CUST-3889,46,Kayseri,Kozmetik,Telefon,4,122.88,491.52,2024-10,Thursday
ORD-001268,2024-04-05,CUST-1097,20,İstanbul,Giyim,Şiir,3,3752.87,11258.61,2024-04,Friday
ORD-001269,2024-03-28,CUST-4215,36,İstanbul,Giyim,Roman,4,503.1,2012.4,2024-03,Thursday
ORD-001270,2024-03-18,CUST-2903,20,Ankara,Kozmetik,Koşu Bandı,1,1335.77,1335.77,2024-03,Monday
ORD-001271,2024-10-14,CUST-1434,31,Kayseri,Kozmetik,Kot Pantolon,1,2779.88,2779.88,2024-10,Monday
ORD-001272,2024-04-29,CUST-1636,57,İstanbul,Elektronik,Perde,1,2286.08,2286.08,2024-04,Monday
ORD-001273,2024-10-28,CUST-4750,21,Ankara,Elektronik,Ayakkabı,4,128.08,512.32,2024-10,Monday
ORD-001274,2024-06-13,CUST-4157,28,İstanbul,Ev & Yaşam,Smartwatch,2,4128.73,8257.46,2024-06,Thursday
ORD-001275,2024-06-30,CUST-1587,48,Ankara,Ev & Yaşam,Güneş Kremi,2,4400.06,8800.12,2024-06,Sunday
ORD-001276,2024-08-10,CUST-1343,60,İzmir,Ev & Yaşam,Biyografi,4,3425.27,13701.08,2024-08,Saturday
ORD-001277,2024-11-06,CUST-2317,49,İzmir,Ev & Yaşam,Kulaklık,2,2728.29,5456.58,2024-11,Wednesday
ORD-001278,2024-01-07,CUST-2979,44,İstanbul,Spor,Koşu Bandı,2,4805.65,9611.3,2024-01,Sunday
ORD-001279,2024-11-25,CUST-1570,47,İstanbul,Spor,Biyografi,4,643.78,2575.12,2024-11,Monday
ORD-001280,2024-09-19,CUST-4721,60,İstanbul,Elektronik,Vazo,1,3702.65,3702.65,2024-09,Thursday
ORD-001281,2024-06-09,CUST-1610,19,Ankara,Giyim,Roman,4,685.39,2741.56,2024-06,Sunday
ORD-001282,2024-05-30,CUST-2727,26,İstanbul,Kozmetik,Ruj,1,1940.13,1940.13,2024-05,Thursday
ORD-001283,2024-03-25,CUST-3290,45,Konya,Giyim,Elbise,1,2948.15,2948.15,2024-03,Monday
ORD-001284,2024-05-26,CUST-2854,48,Diğer,Kitap,Güneş Kremi,2,3698.58,7397.16,2024-05,Sunday
ORD-001285,2024-04-21,CUST-3608,51,Diğer,Spor,Parfüm,2,68.39,136.78,2024-04,Sunday
ORD-001286,2024-02-05,CUST-1959,32,Eskişehir,Ev & Yaşam,Ayakkabı,1,1339.96,1339.96,2024-02,Monday
ORD-001287,2024-10-11,CUST-3079,42,Bursa,Ev & Yaşam,Ders Kitabı,1,2714.09,2714.09,2024-10,Friday
ORD-001288,2024-07-06,CUST-3438,53,Adana,Kitap,Bisiklet,2,2687.72,5375.44,2024-07,Saturday
ORD-001289,2024-03-22,CUST-3324,25,İstanbul,Giyim,Kot Pantolon,3,3206.25,9618.75,2024-03,Friday
ORD-001290,2024-01-02,CUST-1531,26,Bursa,Ev & Yaşam,Ayakkabı,1,1554.08,1554.08,2024-01,Tuesday
ORD-001291,2024-10-29,CUST-2177,54,Ankara,Giyim,Lambader,1,2725.62,2725.62,2024-10,Tuesday
ORD-001292,2024-07-15,CUST-3430,62,Ankara,Kozmetik,Bilim Kurgu,1,989.44,989.44,2024-07,Monday
ORD-001293,2024-01-11,CUST-2091,56,Konya,Kitap,Kot Pantolon,2,975.02,1950.04,2024-01,Thursday
ORD-001294,2024-08-21,CUST-2901,49,İstanbul,Giyim,Bisiklet,4,2903.99,11615.96,2024-08,Wednesday
ORD-001295,2024-07-13,CUST-1883,34,İstanbul,Kozmetik,Kulaklık,1,3443.09,3443.09,2024-07,Saturday
ORD-001296,2024-04-28,CUST-3261,52,Diğer,Giyim,Roman,1,645.98,645.98,2024-04,Sunday
ORD-001297,2024-01-20,CUST-2678,54,İstanbul,Giyim,Vazo,1,657.81,657.81,2024-01,Saturday
ORD-001298,2024-09-17,CUST-3423,36,Ankara,Ev & Yaşam,Parfüm,4,2848.25,11393.0,2024-09,Tuesday
ORD-001299,2024-10-19,CUST-3791,61,Diğer,Elektronik,Kot Pantolon,4,1386.97,5547.88,2024-10,Saturday
ORD-001300,2024-09-12,CUST-3260,46,Bursa,Spor,Halter Seti,1,1992.38,1992.38,2024-09,Thursday
ORD-001301,2024-08-09,CUST-3126,24,İzmir,Giyim,Bilim Kurgu,1,2033.7,2033.7,2024-08,Friday
ORD-001302,2024-08-13,CUST-2749,45,İstanbul,Giyim,Futbol Topu,3,933.84,2801.52,2024-08,Tuesday
ORD-001303,2024-02-22,CUST-3675,26,İstanbul,Giyim,Futbol Topu,4,56.51,226.04,2024-02,Thursday
ORD-001304,2024-12-20,CUST-3651,45,Eskişehir,Elektronik,Ruj,3,4273.1,12819.3,2024-12,Friday
ORD-001305,2024-12-07,CUST-1781,23,İzmir,Kozmetik,Perde,1,3589.26,3589.26,2024-12,Saturday
ORD-001306,2024-12-29,CUST-4994,46,İzmir,Kitap,Ders Kitabı,1,3468.17,3468.17,2024-12,Sunday
ORD-001307,2024-10-06,CUST-4452,34,İstanbul,Ev & Yaşam,Kot Pantolon,1,2755.2,2755.2,2024-10,Sunday
ORD-001308,2024-03-21,CUST-4048,33,İstanbul,Elektronik,Lambader,1,3519.8,3519.8,2024-03,Thursday
ORD-001309,2024-07-20,CUST-3727,40,Diğer,Kozmetik,Kot Pantolon,2,4681.66,9363.32,2024-07,Saturday
ORD-001310,2024-06-06,CUST-3105,48,Ankara,Giyim,Smartwatch,2,3345.08,6690.16,2024-06,Thursday
ORD-001311,2024-04-29,CUST-4867,20,Bursa,Kozmetik,Halter Seti,2,1362.2,2724.4,2024-04,Monday
ORD-001312,2024-02-28,CUST-4097,38,İstanbul,Elektronik,Tablet,3,2874.27,8622.81,2024-02,Wednesday
ORD-001313,2024-08-02,CUST-1880,43,Antalya,Elektronik,Koşu Bandı,4,2239.51,8958.04,2024-08,Friday
ORD-001314,2024-05-07,CUST-1446,53,Diğer,Elektronik,Maskara,1,2804.27,2804.27,2024-05,Tuesday
ORD-001315,2024-08-11,CUST-3113,59,İzmir,Kitap,Lambader,4,2612.17,10448.68,2024-08,Sunday
ORD-001316,2024-07-27,CUST-4992,54,İstanbul,Spor,Elbise,2,4300.94,8601.88,2024-07,Saturday
ORD-001317,2024-04-24,CUST-2783,39,İzmir,Ev & Yaşam,Maskara,1,3276.41,3276.41,2024-04,Wednesday
ORD-001318,2024-07-27,CUST-2277,59,Konya,Kitap,Kot Pantolon,1,984.35,984.35,2024-07,Saturday
ORD-001319,2024-01-14,CUST-4970,29,Ankara,Kitap,Halı,3,361.93,1085.79,2024-01,Sunday
ORD-001320,2024-01-09,CUST-2991,59,Eskişehir,Spor,Bilim Kurgu,4,2150.6,8602.4,2024-01,Tuesday
ORD-001321,2024-02-09,CUST-2067,30,Bursa,Kitap,Telefon,3,127.27,381.81,2024-02,Friday
ORD-001322,2024-08-24,CUST-4168,28,Diğer,Elektronik,Tablet,2,1625.57,3251.14,2024-08,Saturday
ORD-001323,2024-10-07,CUST-2577,33,Bursa,Elektronik,Tişört,4,1871.71,7486.84,2024-10,Monday
ORD-001324,2024-12-24,CUST-2011,25,İstanbul,Kozmetik,Elbise,2,1909.16,3818.32,2024-12,Tuesday
ORD-001325,2024-07-19,CUST-3274,57,İstanbul,Giyim,Kot Pantolon,3,4897.78,14693.34,2024-07,Friday
ORD-001326,2024-09-02,CUST-1773,57,İstanbul,Kitap,Halı,3,1554.31,4662.93,2024-09,Monday
ORD-001327,2024-10-04,CUST-3726,62,Diğer,Giyim,Biyografi,1,1362.88,1362.88,2024-10,Friday
ORD-001328,2024-08-22,CUST-4507,19,Konya,Ev & Yaşam,Telefon,4,690.44,2761.76,2024-08,Thursday
ORD-001329,2024-01-04,CUST-2814,47,Antalya,Elektronik,Ruj,4,2579.49,10317.96,2024-01,Thursday
ORD-001330,2024-06-02,CUST-3648,47,İstanbul,Kozmetik,Bisiklet,1,810.69,810.69,2024-06,Sunday
ORD-001331,2024-01-29,CUST-3426,29,İstanbul,Ev & Yaşam,Perde,4,3100.66,12402.64,2024-01,Monday
ORD-001332,2024-04-18,CUST-2201,27,Konya,Kozmetik,Telefon,2,818.04,1636.08,2024-04,Thursday
ORD-001333,2024-04-07,CUST-2450,61,Ankara,Spor,Roman,2,2904.53,5809.06,2024-04,Sunday
ORD-001334,2024-08-02,CUST-4986,28,İstanbul,Elektronik,Perde,3,4140.03,12420.09,2024-08,Friday
ORD-001335,2024-10-19,CUST-3756,32,Bursa,Ev & Yaşam,Parfüm,2,260.5,521.0,2024-10,Saturday
ORD-001336,2024-03-15,CUST-1306,33,İstanbul,Spor,Telefon,4,2127.75,8511.0,2024-03,Friday
ORD-001337,2024-11-21,CUST-1778,34,İstanbul,Ev & Yaşam,Lambader,1,2332.19,2332.19,2024-11,Thursday
ORD-001338,2024-05-25,CUST-3551,43,Ankara,Kozmetik,Kulaklık,3,3965.81,11897.43,2024-05,Saturday
ORD-001339,2024-05-07,CUST-3315,19,İstanbul,Spor,Laptop,1,2366.18,2366.18,2024-05,Tuesday
ORD-001340,2024-12-06,CUST-4657,29,Diğer,Spor,Biyografi,3,2859.3,8577.9,2024-12,Friday
ORD-001341,2024-02-11,CUST-1007,43,İstanbul,Elektronik,Futbol Topu,3,3966.46,11899.38,2024-02,Sunday
ORD-001342,2024-12-21,CUST-4991,40,İstanbul,Giyim,Şiir,1,2820.8,2820.8,2024-12,Saturday
ORD-001343,2024-02-10,CUST-3555,35,İstanbul,Kozmetik,Telefon,2,1823.58,3647.16,2024-02,Saturday
ORD-001344,2024-02-03,CUST-1475,49,Konya,Kozmetik,Perde,2,474.92,949.84,2024-02,Saturday
ORD-001345,2024-01-17,CUST-2320,55,Ankara,Spor,Maskara,2,3663.08,7326.16,2024-01,Wednesday
ORD-001346,2024-06-13,CUST-3211,64,İzmir,Spor,Biyografi,2,4362.13,8724.26,2024-06,Thursday
ORD-001347,2024-06-01,CUST-1484,20,İstanbul,Elektronik,Bisiklet,1,4851.82,4851.82,2024-06,Saturday
ORD-001348,2024-03-16,CUST-4668,55,İstanbul,Giyim,Smartwatch,4,4636.67,18546.68,2024-03,Saturday
ORD-001349,2024-03-27,CUST-4143,20,Ankara,Kozmetik,Nemlendirici,3,3997.22,11991.66,2024-03,Wednesday
ORD-001350,2024-04-26,CUST-3614,47,Gaziantep,Kitap,Bilim Kurgu,1,3235.19,3235.19,2024-04,Friday
ORD-001351,2024-12-27,CUST-1904,18,Diğer,Kitap,Bilim Kurgu,2,3918.23,7836.46,2024-12,Friday
ORD-001352,2024-12-07,CUST-1558,47,İstanbul,Giyim,Roman,2,2188.81,4377.62,2024-12,Saturday
ORD-001353,2024-01-27,CUST-4982,62,İzmir,Ev & Yaşam,Şiir,1,2994.14,2994.14,2024-01,Saturday
ORD-001354,2024-11-08,CUST-2967,49,Diğer,Elektronik,Nemlendirici,3,1776.06,5328.18,2024-11,Friday
ORD-001355,2024-10-13,CUST-3285,45,Ankara,Giyim,Lambader,1,1667.21,1667.21,2024-10,Sunday
ORD-001356,2024-05-13,CUST-2127,38,Kayseri,Kitap,Halter Seti,1,3795.62,3795.62,2024-05,Monday
ORD-001357,2024-08-06,CUST-2233,63,İstanbul,Spor,Yoga Matı,4,2296.97,9187.88,2024-08,Tuesday
ORD-001358,2024-06-16,CUST-3601,30,Diğer,Kitap,Smartwatch,1,1100.2,1100.2,2024-06,Sunday
ORD-001359,2024-04-07,CUST-3875,44,Konya,Spor,Ayakkabı,4,1049.59,4198.36,2024-04,Sunday
ORD-001360,2024-09-24,CUST-1467,53,Diğer,Elektronik,Halı,3,4302.9,12908.7,2024-09,Tuesday
ORD-001361,2024-08-24,CUST-4525,24,Antalya,Spor,Tablet,1,3404.91,3404.91,2024-08,Saturday
ORD-001362,2024-11-04,CUST-4339,39,Ankara,Giyim,Smartwatch,1,2752.93,2752.93,2024-11,Monday
ORD-001363,2024-06-21,CUST-3433,27,Diğer,Spor,Bilim Kurgu,2,2034.65,4069.3,2024-06,Friday
ORD-001364,2024-07-08,CUST-3822,56,İstanbul,Ev & Yaşam,Mont,1,2182.55,2182.55,2024-07,Monday
ORD-001365,2024-05-01,CUST-1847,32,İstanbul,Giyim,Tişört,2,334.3,668.6,2024-05,Wednesday
ORD-001366,2024-02-15,CUST-3434,32,Adana,Elektronik,Lambader,2,2301.81,4603.62,2024-02,Thursday
ORD-001367,2024-03-04,CUST-3924,21,Konya,Giyim,Kot Pantolon,2,3987.5,7975.0,2024-03,Monday
ORD-001368,2024-05-09,CUST-1258,49,Diğer,Ev & Yaşam,Tablet,3,1970.53,5911.59,2024-05,Thursday
ORD-001369,2024-11-05,CUST-1282,40,İstanbul,Elektronik,Elbise,4,1948.73,7794.92,2024-11,Tuesday
ORD-001370,2024-12-28,CUST-2649,23,Gaziantep,Kitap,Ayakkabı,2,127.8,255.6,2024-12,Saturday
ORD-001371,2024-07-11,CUST-2898,41,Adana,Ev & Yaşam,Halter Seti,1,2316.28,2316.28,2024-07,Thursday
ORD-001372,2024-11-02,CUST-1039,37,İstanbul,Elektronik,Telefon,1,175.42,175.42,2024-11,Saturday
ORD-001373,2024-06-29,CUST-3533,54,Ankara,Spor,Ruj,2,2873.23,5746.46,2024-06,Saturday
ORD-001374,2024-10-18,CUST-3976,37,İstanbul,Giyim,Mont,2,2558.58,5117.16,2024-10,Friday
ORD-001375,2024-10-08,CUST-3267,29,İstanbul,Elektronik,Mont,1,4208.04,4208.04,2024-10,Tuesday
ORD-001376,2024-01-29,CUST-4200,50,Diğer,Giyim,Ders Kitabı,2,2929.81,5859.62,2024-01,Monday
ORD-001377,2024-05-28,CUST-2014,45,Bursa,Spor,Elbise,4,1650.97,6603.88,2024-05,Tuesday
ORD-001378,2024-09-23,CUST-4071,25,Adana,Elektronik,Elbise,4,2605.34,10421.36,2024-09,Monday
ORD-001379,2024-10-22,CUST-4591,18,Diğer,Kitap,Koşu Bandı,3,3513.55,10540.65,2024-10,Tuesday
ORD-001380,2024-01-11,CUST-1612,54,Ankara,Ev & Yaşam,Telefon,2,515.12,1030.24,2024-01,Thursday
ORD-001381,2024-06-12,CUST-3975,39,Gaziantep,Elektronik,Halı,3,3124.32,9372.96,2024-06,Wednesday
ORD-001382,2024-04-22,CUST-2915,23,Ankara,Spor,Smartwatch,3,4587.3,13761.9,2024-04,Monday
ORD-001383,2024-07-05,CUST-1687,38,Eskişehir,Elektronik,Bilim Kurgu,3,1530.69,4592.07,2024-07,Friday
ORD-001384,2024-10-21,CUST-4690,49,İstanbul,Giyim,Laptop,2,3151.79,6303.58,2024-10,Monday
ORD-001385,2024-08-19,CUST-1612,52,Diğer,Kozmetik,Ayakkabı,3,4115.58,12346.74,2024-08,Monday
ORD-001386,2024-08-14,CUST-3307,32,İstanbul,Elektronik,Şiir,4,2583.44,10333.76,2024-08,Wednesday
ORD-001387,2024-11-05,CUST-4037,22,İstanbul,Kitap,Kulaklık,3,3604.0,10812.0,2024-11,Tuesday
ORD-001388,2024-04-07,CUST-4013,63,Konya,Elektronik,Roman,4,1589.5,6358.0,2024-04,Sunday
ORD-001389,2024-02-24,CUST-3413,23,Ankara,Ev & Yaşam,Lambader,4,1564.99,6259.96,2024-02,Saturday
ORD-001390,2024-04-20,CUST-2781,42,Bursa,Elektronik,Smartwatch,2,3354.54,6709.08,2024-04,Saturday
ORD-001391,2024-05-31,CUST-2810,63,Ankara,Kozmetik,Parfüm,3,3541.77,10625.31,2024-05,Friday
ORD-001392,2024-09-02,CUST-3591,57,Konya,Giyim,Elbise,2,4688.2,9376.4,2024-09,Monday
ORD-001393,2024-03-09,CUST-3696,46,İstanbul,Elektronik,Biyografi,4,1162.95,4651.8,2024-03,Saturday
ORD-001394,2024-11-07,CUST-2547,24,İstanbul,Kitap,Ruj,1,2367.68,2367.68,2024-11,Thursday
ORD-001395,2024-10-15,CUST-2930,57,İstanbul,Spor,Parfüm,3,1290.04,3870.12,2024-10,Tuesday
ORD-001396,2024-09-06,CUST-3861,30,Ankara,Elektronik,Bisiklet,2,446.46,892.92,2024-09,Friday
ORD-001397,2024-02-05,CUST-4958,55,İstanbul,Elektronik,Şiir,1,2045.99,2045.99,2024-02,Monday
ORD-001398,2024-08-26,CUST-4087,35,Ankara,Ev & Yaşam,Parfüm,3,1901.7,5705.1,2024-08,Monday
ORD-001399,2024-05-27,CUST-2152,19,Ankara,Kitap,Futbol Topu,3,1388.65,4165.95,2024-05,Monday
ORD-001400,2024-08-14,CUST-1574,25,İstanbul,Kozmetik,Nemlendirici,2,1520.12,3040.24,2024-08,Wednesday
ORD-001401,2024-08-31,CUST-4180,28,İzmir,Spor,Kot Pantolon,1,1834.04,1834.04,2024-08,Saturday
ORD-001402,2024-12-02,CUST-2910,50,Diğer,Giyim,Vazo,2,4944.75,9889.5,2024-12,Monday
ORD-001403,2024-12-30,CUST-2012,55,İstanbul,Elektronik,Futbol Topu,3,3925.64,11776.92,2024-12,Monday
ORD-001404,2024-07-19,CUST-4604,44,İzmir,Kozmetik,Perde,3,403.44,1210.32,2024-07,Friday
ORD-001405,2024-06-02,CUST-1669,37,Antalya,Spor,Biyografi,4,4368.45,17473.8,2024-06,Sunday
ORD-001406,2024-03-13,CUST-1268,29,Ankara,Giyim,Mont,3,3184.85,9554.55,2024-03,Wednesday
ORD-001407,2024-07-19,CUST-4233,60,Adana,Kozmetik,Yoga Matı,3,4458.44,13375.32,2024-07,Friday
ORD-001408,2024-10-22,CUST-2283,48,Ankara,Kitap,Şiir,1,1741.46,1741.46,2024-10,Tuesday
ORD-001409,2024-01-17,CUST-1923,44,İzmir,Kitap,Nemlendirici,1,2349.37,2349.37,2024-01,Wednesday
ORD-001410,2024-05-08,CUST-2125,49,İstanbul,Spor,Kulaklık,4,4486.32,17945.28,2024-05,Wednesday
ORD-001411,2024-08-04,CUST-2529,27,Antalya,Giyim,Bilim Kurgu,4,1399.24,5596.96,2024-08,Sunday
ORD-001412,2024-03-01,CUST-2758,20,Antalya,Kitap,Vazo,4,4581.73,18326.92,2024-03,Friday
ORD-001413,2024-04-13,CUST-2594,62,İstanbul,Spor,Tişört,2,4151.07,8302.14,2024-04,Saturday
ORD-001414,2024-02-11,CUST-1246,44,Ankara,Kitap,Kot Pantolon,2,4903.76,9807.52,2024-02,Sunday
ORD-001415,2024-01-25,CUST-4711,52,Diğer,Kitap,Bilim Kurgu,4,1655.08,6620.32,2024-01,Thursday
ORD-001416,2024-02-08,CUST-4866,48,Ankara,Kozmetik,Maskara,2,1216.98,2433.96,2024-02,Thursday
ORD-001417,2024-10-17,CUST-4908,32,İzmir,Kozmetik,Telefon,3,1687.79,5063.37,2024-10,Thursday
ORD-001418,2024-05-10,CUST-2560,33,Diğer,Kitap,Lambader,4,4775.52,19102.08,2024-05,Friday
ORD-001419,2024-08-16,CUST-3178,30,Adana,Ev & Yaşam,Biyografi,4,1698.71,6794.84,2024-08,Friday
ORD-001420,2024-04-17,CUST-3400,52,İzmir,Kozmetik,Roman,2,2847.8,5695.6,2024-04,Wednesday
ORD-001421,2024-06-20,CUST-3243,28,Gaziantep,Giyim,Mont,1,2048.21,2048.21,2024-06,Thursday
ORD-001422,2024-04-11,CUST-4864,38,Eskişehir,Spor,Lambader,4,2011.29,8045.16,2024-04,Thursday
ORD-001423,2024-12-19,CUST-2939,28,Ankara,Spor,Smartwatch,2,1007.22,2014.44,2024-12,Thursday
ORD-001424,2024-01-12,CUST-1929,47,Ankara,Giyim,Mont,2,2708.54,5417.08,2024-01,Friday
ORD-001425,2024-10-01,CUST-4737,52,Ankara,Giyim,Roman,1,4254.55,4254.55,2024-10,Tuesday
ORD-001426,2024-04-10,CUST-4453,39,Diğer,Giyim,Ayakkabı,4,294.95,1179.8,2024-04,Wednesday
ORD-001427,2024-02-13,CUST-4069,55,Antalya,Giyim,Kot Pantolon,1,4451.67,4451.67,2024-02,Tuesday
ORD-001428,2024-10-31,CUST-3692,48,İstanbul,Elektronik,Futbol Topu,3,3344.09,10032.27,2024-10,Thursday
ORD-001429,2024-01-17,CUST-1226,31,Eskişehir,Spor,Kot Pantolon,1,3102.85,3102.85,2024-01,Wednesday
ORD-001430,2024-11-25,CUST-3748,41,Ankara,Elektronik,Nemlendirici,1,3148.21,3148.21,2024-11,Monday
ORD-001431,2024-02-26,CUST-4547,49,İstanbul,Kitap,Mont,2,1516.54,3033.08,2024-02,Monday
ORD-001432,2024-11-06,CUST-4548,53,İzmir,Kitap,Maskara,1,2104.97,2104.97,2024-11,Wednesday
ORD-001433,2024-10-29,CUST-1264,49,Ankara,Spor,Perde,3,4006.49,12019.47,2024-10,Tuesday
ORD-001434,2024-01-12,CUST-2395,32,Eskişehir,Kitap,Elbise,2,1566.59,3133.18,2024-01,Friday
ORD-001435,2024-11-13,CUST-4557,60,İstanbul,Giyim,Telefon,3,2376.6,7129.8,2024-11,Wednesday
ORD-001436,2024-03-20,CUST-2457,52,Kayseri,Elektronik,Güneş Kremi,1,147.18,147.18,2024-03,Wednesday
ORD-001437,2024-08-03,CUST-1645,20,İzmir,Giyim,Ruj,3,3681.11,11043.33,2024-08,Saturday
ORD-001438,2024-12-04,CUST-3258,33,İstanbul,Kitap,Bilim Kurgu,3,2117.63,6352.89,2024-12,Wednesday
ORD-001439,2024-09-20,CUST-4643,22,Diğer,Kozmetik,Ayna,1,2650.53,2650.53,2024-09,Friday
ORD-001440,2024-05-28,CUST-4448,38,İzmir,Elektronik,Elbise,1,617.71,617.71,2024-05,Tuesday
ORD-001441,2024-03-21,CUST-2418,27,İstanbul,Giyim,Kulaklık,2,4958.99,9917.98,2024-03,Thursday
ORD-001442,2024-08-02,CUST-2473,36,Ankara,Spor,Roman,2,1547.22,3094.44,2024-08,Friday
ORD-001443,2024-07-16,CUST-3990,42,Eskişehir,Giyim,Halı,4,3193.2,12772.8,2024-07,Tuesday
ORD-001444,2024-07-18,CUST-2387,21,İstanbul,Kozmetik,Nemlendirici,2,2927.12,5854.24,2024-07,Thursday
ORD-001445,2024-01-25,CUST-2899,46,İstanbul,Kitap,Smartwatch,1,3936.21,3936.21,2024-01,Thursday
ORD-001446,2024-03-29,CUST-3504,36,İstanbul,Elektronik,Ayakkabı,3,1504.49,4513.47,2024-03,Friday
ORD-001447,2024-09-24,CUST-3772,60,İstanbul,Spor,Yoga Matı,3,3791.84,11375.52,2024-09,Tuesday
ORD-001448,2024-05-22,CUST-4799,19,Gaziantep,Elektronik,Koşu Bandı,2,1943.38,3886.76,2024-05,Wednesday
ORD-001449,2024-02-28,CUST-2249,27,Ankara,Spor,Ayna,2,2085.25,4170.5,2024-02,Wednesday
ORD-001450,2024-12-30,CUST-1981,60,İstanbul,Elektronik,Smartwatch,1,3379.93,3379.93,2024-12,Monday
ORD-001451,2024-01-26,CUST-2154,42,İstanbul,Kitap,Biyografi,3,3932.21,11796.63,2024-01,Friday
ORD-001452,2024-02-16,CUST-1587,37,İstanbul,Spor,Kulaklık,4,3350.99,13403.96,2024-02,Friday
ORD-001453,2024-10-14,CUST-1475,36,Diğer,Ev & Yaşam,Güneş Kremi,4,4504.4,18017.6,2024-10,Monday
ORD-001454,2024-09-22,CUST-2821,40,İstanbul,Elektronik,Yoga Matı,2,1461.54,2923.08,2024-09,Sunday
ORD-001455,2024-01-16,CUST-1985,41,Diğer,Elektronik,Lambader,4,4508.05,18032.2,2024-01,Tuesday
ORD-001456,2024-07-17,CUST-4348,28,Ankara,Giyim,Elbise,1,697.77,697.77,2024-07,Wednesday
ORD-001457,2024-10-08,CUST-3203,63,İstanbul,Spor,Telefon,4,3314.68,13258.72,2024-10,Tuesday
ORD-001458,2024-03-26,CUST-4831,51,Diğer,Kozmetik,Futbol Topu,2,2760.77,5521.54,2024-03,Tuesday
ORD-001459,2024-09-06,CUST-2241,45,Ankara,Ev & Yaşam,Ders Kitabı,1,2498.45,2498.45,2024-09,Friday
ORD-001460,2024-09-26,CUST-1189,22,Adana,Kitap,Perde,3,1589.01,4767.03,2024-09,Thursday
ORD-001461,2024-11-30,CUST-2440,22,Diğer,Giyim,Ayakkabı,1,2543.48,2543.48,2024-11,Saturday
ORD-001462,2024-04-26,CUST-1980,38,İstanbul,Ev & Yaşam,Kulaklık,2,850.78,1701.56,2024-04,Friday
ORD-001463,2024-01-07,CUST-2698,29,İstanbul,Spor,Ders Kitabı,2,1878.14,3756.28,2024-01,Sunday
ORD-001464,2024-05-16,CUST-2715,21,Adana,Ev & Yaşam,Kot Pantolon,4,538.47,2153.88,2024-05,Thursday
ORD-001465,2024-06-24,CUST-3593,59,İstanbul,Elektronik,Güneş Kremi,4,2880.64,11522.56,2024-06,Monday
ORD-001466,2024-11-23,CUST-1040,37,İstanbul,Elektronik,Koşu Bandı,3,524.05,1572.15,2024-11,Saturday
ORD-001467,2024-11-10,CUST-3354,55,İstanbul,Giyim,Maskara,3,843.71,2531.13,2024-11,Sunday
ORD-001468,2024-08-02,CUST-1942,42,İstanbul,Spor,Koşu Bandı,2,473.06,946.12,2024-08,Friday
ORD-001469,2024-03-22,CUST-1337,31,Konya,Spor,Ders Kitabı,2,1937.49,3874.98,2024-03,Friday
ORD-001470,2024-08-10,CUST-2337,28,İstanbul,Ev & Yaşam,Maskara,2,4217.69,8435.38,2024-08,Saturday
ORD-001471,2024-04-12,CUST-2098,49,Ankara,Giyim,Futbol Topu,3,4539.14,13617.42,2024-04,Friday
ORD-001472,2024-09-29,CUST-4000,28,Bursa,Spor,Vazo,2,405.85,811.7,2024-09,Sunday
ORD-001473,2024-01-14,CUST-3326,35,Ankara,Kozmetik,Bilim Kurgu,3,3191.02,9573.06,2024-01,Sunday
ORD-001474,2024-06-07,CUST-4247,44,İstanbul,Kozmetik,Halter Seti,2,3437.71,6875.42,2024-06,Friday
ORD-001475,2024-05-31,CUST-1895,35,Gaziantep,Elektronik,Telefon,1,2692.16,2692.16,2024-05,Friday
ORD-001476,2024-04-17,CUST-4733,40,İstanbul,Ev & Yaşam,Yoga Matı,1,3351.58,3351.58,2024-04,Wednesday
ORD-001477,2024-07-06,CUST-3320,28,Konya,Kitap,Ruj,2,1206.77,2413.54,2024-07,Saturday
ORD-001478,2024-10-27,CUST-3884,38,Diğer,Elektronik,Perde,1,2473.74,2473.74,2024-10,Sunday
ORD-001479,2024-04-07,CUST-3667,61,Ankara,Giyim,Tişört,3,1984.84,5954.52,2024-04,Sunday
ORD-001480,2024-05-10,CUST-2674,22,İzmir,Spor,Elbise,4,494.05,1976.2,2024-05,Friday
ORD-001481,2024-10-19,CUST-3909,40,Ankara,Elektronik,Yoga Matı,1,3146.5,3146.5,2024-10,Saturday
ORD-001482,2024-06-19,CUST-4854,58,Ankara,Kitap,Mont,4,2501.32,10005.28,2024-06,Wednesday
ORD-001483,2024-07-01,CUST-4930,42,Diğer,Kitap,Halter Seti,1,1412.11,1412.11,2024-07,Monday
ORD-001484,2024-12-29,CUST-1930,58,Diğer,Kozmetik,Lambader,3,2394.74,7184.22,2024-12,Sunday
ORD-001485,2024-02-08,CUST-1288,27,İstanbul,Giyim,Kot Pantolon,1,3887.73,3887.73,2024-02,Thursday
ORD-001486,2024-01-15,CUST-1723,39,Bursa,Elektronik,Parfüm,1,4018.21,4018.21,2024-01,Monday
ORD-001487,2024-01-04,CUST-3940,36,Diğer,Ev & Yaşam,Parfüm,2,3265.15,6530.3,2024-01,Thursday
ORD-001488,2024-12-14,CUST-3319,18,Diğer,Elektronik,Tablet,4,2365.35,9461.4,2024-12,Saturday
ORD-001489,2024-07-28,CUST-2953,24,İzmir,Kozmetik,Bisiklet,4,2899.96,11599.84,2024-07,Sunday
ORD-001490,2024-06-09,CUST-2089,21,Ankara,Kitap,Elbise,3,1955.83,5867.49,2024-06,Sunday
ORD-001491,2024-01-16,CUST-1482,18,İstanbul,Giyim,Parfüm,3,676.45,2029.35,2024-01,Tuesday
ORD-001492,2024-04-17,CUST-1935,32,Diğer,Giyim,Halı,4,1958.82,7835.28,2024-04,Wednesday
ORD-001493,2024-11-06,CUST-3295,57,İstanbul,Ev & Yaşam,Halı,2,2675.15,5350.3,2024-11,Wednesday
ORD-001494,2024-08-14,CUST-1155,29,İzmir,Giyim,Smartwatch,2,3014.23,6028.46,2024-08,Wednesday
ORD-001495,2024-06-18,CUST-2070,39,İstanbul,Kozmetik,Ayna,4,4682.21,18728.84,2024-06,Tuesday
ORD-001496,2024-02-03,CUST-2958,39,İstanbul,Kozmetik,Ayna,1,3897.8,3897.8,2024-02,Saturday
ORD-001497,2024-09-07,CUST-3501,64,Ankara,Kozmetik,Elbise,4,802.36,3209.44,2024-09,Saturday
ORD-001498,2024-09-03,CUST-3248,34,Diğer,Giyim,Yoga Matı,1,912.2,912.2,2024-09,Tuesday
ORD-001499,2024-09-25,CUST-2683,46,İstanbul,Giyim,Şiir,4,547.45,2189.8,2024-09,Wednesday
ORD-001500,2024-05-20,CUST-1123,63,İzmir,Kozmetik,Ayna,1,3704.0,3704.0,2024-05,Monday
ORD-001501,2024-09-30,CUST-3048,31,İstanbul,Giyim,Halı,2,3545.31,7090.62,2024-09,Monday
ORD-001502,2024-04-05,CUST-1967,37,İstanbul,Giyim,Bilim Kurgu,4,4932.5,19730.0,2024-04,Friday
ORD-001503,2024-08-14,CUST-4830,50,Ankara,Kitap,Lambader,3,2634.02,7902.06,2024-08,Wednesday
ORD-001504,2024-02-08,CUST-1854,60,İzmir,Elektronik,Kot Pantolon,1,4140.75,4140.75,2024-02,Thursday
ORD-001505,2024-10-28,CUST-1639,32,İstanbul,Spor,Tişört,2,2903.38,5806.76,2024-10,Monday
ORD-001506,2024-01-29,CUST-3238,29,İstanbul,Giyim,Roman,3,4376.73,13130.19,2024-01,Monday
ORD-001507,2024-11-13,CUST-2602,57,İstanbul,Spor,Nemlendirici,2,3619.05,7238.1,2024-11,Wednesday
ORD-001508,2024-09-01,CUST-3563,37,İstanbul,Spor,Lambader,1,3232.28,3232.28,2024-09,Sunday
ORD-001509,2024-08-23,CUST-1441,47,Diğer,Kitap,Nemlendirici,4,2847.36,11389.44,2024-08,Friday
ORD-001510,2024-07-03,CUST-2944,55,Diğer,Giyim,Lambader,2,3628.7,7257.4,2024-07,Wednesday
ORD-001511,2024-09-28,CUST-2838,20,İstanbul,Kozmetik,Futbol Topu,4,2127.29,8509.16,2024-09,Saturday
ORD-001512,2024-08-23,CUST-2829,45,İzmir,Spor,Vazo,4,528.05,2112.2,2024-08,Friday
ORD-001513,2024-08-26,CUST-3190,43,Diğer,Giyim,Ayakkabı,2,247.93,495.86,2024-08,Monday
ORD-001514,2024-09-22,CUST-4262,47,İstanbul,Ev & Yaşam,Tablet,2,2421.17,4842.34,2024-09,Sunday
ORD-001515,2024-12-24,CUST-1532,30,Gaziantep,Kozmetik,Laptop,2,3016.49,6032.98,2024-12,Tuesday
ORD-001516,2024-12-05,CUST-3274,30,Diğer,Ev & Yaşam,Kulaklık,4,440.3,1761.2,2024-12,Thursday
ORD-001517,2024-03-05,CUST-2336,19,İstanbul,Ev & Yaşam,Tablet,3,1470.17,4410.51,2024-03,Tuesday
ORD-001518,2024-06-25,CUST-4700,54,İstanbul,Spor,Güneş Kremi,1,1644.06,1644.06,2024-06,Tuesday
ORD-001519,2024-01-03,CUST-1948,55,Diğer,Ev & Yaşam,Güneş Kremi,3,2835.84,8507.52,2024-01,Wednesday
ORD-001520,2024-05-21,CUST-4373,19,İzmir,Kitap,Perde,4,1428.49,5713.96,2024-05,Tuesday
ORD-001521,2024-06-06,CUST-4725,53,İstanbul,Kitap,Nemlendirici,2,523.46,1046.92,2024-06,Thursday
ORD-001522,2024-11-19,CUST-3019,43,İstanbul,Spor,Lambader,2,866.04,1732.08,2024-11,Tuesday
ORD-001523,2024-05-25,CUST-1459,28,Ankara,Giyim,Futbol Topu,1,911.04,911.04,2024-05,Saturday
ORD-001524,2024-10-19,CUST-4472,25,Antalya,Elektronik,Perde,1,4221.34,4221.34,2024-10,Saturday
ORD-001525,2024-06-01,CUST-1550,61,Adana,Giyim,Tablet,3,1457.38,4372.14,2024-06,Saturday
ORD-001526,2024-07-11,CUST-1392,57,Diğer,Giyim,Roman,3,3587.72,10763.16,2024-07,Thursday
ORD-001527,2024-03-13,CUST-4938,60,İstanbul,Giyim,Bilim Kurgu,1,2860.8,2860.8,2024-03,Wednesday
ORD-001528,2024-10-31,CUST-2787,39,İzmir,Giyim,Ayakkabı,4,4886.34,19545.36,2024-10,Thursday
ORD-001529,2024-12-09,CUST-1844,37,İzmir,Kozmetik,Ayakkabı,3,1400.47,4201.41,2024-12,Monday
ORD-001530,2024-05-19,CUST-4278,25,Ankara,Elektronik,Ayna,2,833.95,1667.9,2024-05,Sunday
ORD-001531,2024-07-05,CUST-3257,46,İstanbul,Kozmetik,Biyografi,2,307.59,615.18,2024-07,Friday
ORD-001532,2024-10-19,CUST-2138,57,Diğer,Ev & Yaşam,Kulaklık,4,1242.75,4971.0,2024-10,Saturday
ORD-001533,2024-03-01,CUST-4808,43,Eskişehir,Giyim,Maskara,1,3436.15,3436.15,2024-03,Friday
ORD-001534,2024-07-16,CUST-1645,47,Ankara,Kitap,Smartwatch,3,472.03,1416.09,2024-07,Tuesday
ORD-001535,2024-10-21,CUST-4322,34,Bursa,Spor,Kulaklık,2,1261.27,2522.54,2024-10,Monday
ORD-001536,2024-11-14,CUST-3266,37,İstanbul,Spor,Perde,1,4283.78,4283.78,2024-11,Thursday
ORD-001537,2024-10-28,CUST-3454,33,İzmir,Kozmetik,Vazo,3,2935.62,8806.86,2024-10,Monday
ORD-001538,2024-12-09,CUST-2466,63,Antalya,Kozmetik,Futbol Topu,4,394.13,1576.52,2024-12,Monday
ORD-001539,2024-01-11,CUST-4674,60,İzmir,Kitap,Laptop,2,286.03,572.06,2024-01,Thursday
ORD-001540,2024-03-02,CUST-2377,24,Diğer,Giyim,Kulaklık,4,352.56,1410.24,2024-03,Saturday
ORD-001541,2024-11-28,CUST-3935,33,Bursa,Elektronik,Ayna,4,4712.28,18849.12,2024-11,Thursday
ORD-001542,2024-08-13,CUST-3605,62,Ankara,Ev & Yaşam,Ayna,4,4256.86,17027.44,2024-08,Tuesday
ORD-001543,2024-06-01,CUST-3597,64,Konya,Spor,Bisiklet,3,4232.45,12697.35,2024-06,Saturday
ORD-001544,2024-07-17,CUST-1141,44,İstanbul,Ev & Yaşam,Koşu Bandı,4,4624.87,18499.48,2024-07,Wednesday
ORD-001545,2024-02-21,CUST-3659,40,Ankara,Elektronik,Mont,3,2551.01,7653.03,2024-02,Wednesday
ORD-001546,2024-09-16,CUST-1500,41,İstanbul,Kozmetik,Bilim Kurgu,3,1274.36,3823.08,2024-09,Monday
ORD-001547,2024-02-28,CUST-1839,26,Ankara,Spor,Smartwatch,4,2036.67,8146.68,2024-02,Wednesday
ORD-001548,2024-03-12,CUST-3749,52,Gaziantep,Ev & Yaşam,Laptop,4,3608.38,14433.52,2024-03,Tuesday
ORD-001549,2024-05-27,CUST-4618,37,Ankara,Kozmetik,Bisiklet,1,4386.36,4386.36,2024-05,Monday
ORD-001550,2024-12-14,CUST-2682,54,Gaziantep,Elektronik,Futbol Topu,2,2203.7,4407.4,2024-12,Saturday
ORD-001551,2024-03-03,CUST-2565,59,İzmir,Ev & Yaşam,Kot Pantolon,1,2700.14,2700.14,2024-03,Sunday
ORD-001552,2024-11-05,CUST-3046,34,İstanbul,Giyim,Ders Kitabı,2,4662.33,9324.66,2024-11,Tuesday
ORD-001553,2024-08-30,CUST-4917,64,Gaziantep,Kozmetik,Kot Pantolon,2,582.12,1164.24,2024-08,Friday
ORD-001554,2024-11-25,CUST-2530,48,İstanbul,Elektronik,Biyografi,1,4318.38,4318.38,2024-11,Monday
ORD-001555,2024-04-16,CUST-1595,25,İstanbul,Ev & Yaşam,Nemlendirici,1,838.57,838.57,2024-04,Tuesday
ORD-001556,2024-08-13,CUST-2904,32,İzmir,Giyim,Tablet,2,2445.11,4890.22,2024-08,Tuesday
ORD-001557,2024-11-08,CUST-1280,48,İstanbul,Giyim,Elbise,2,1131.19,2262.38,2024-11,Friday
ORD-001558,2024-08-05,CUST-1423,47,İstanbul,Elektronik,Bisiklet,2,3034.59,6069.18,2024-08,Monday
ORD-001559,2024-08-28,CUST-3903,63,Bursa,Kitap,Ayakkabı,3,2814.94,8444.82,2024-08,Wednesday
ORD-001560,2024-09-15,CUST-1269,37,İzmir,Spor,Parfüm,2,1931.04,3862.08,2024-09,Sunday
ORD-001561,2024-09-18,CUST-1153,56,Ankara,Elektronik,Kot Pantolon,4,4323.35,17293.4,2024-09,Wednesday
ORD-001562,2024-01-05,CUST-3661,29,Diğer,Giyim,Laptop,4,3316.08,13264.32,2024-01,Friday
ORD-001563,2024-09-17,CUST-2750,34,İzmir,Giyim,Ruj,4,3619.97,14479.88,2024-09,Tuesday
ORD-001564,2024-02-23,CUST-1661,59,Eskişehir,Elektronik,Koşu Bandı,1,795.77,795.77,2024-02,Friday
ORD-001565,2024-02-16,CUST-2967,47,İstanbul,Kitap,Koşu Bandı,1,4421.67,4421.67,2024-02,Friday
ORD-001566,2024-08-02,CUST-1082,46,İzmir,Spor,Lambader,1,876.85,876.85,2024-08,Friday
ORD-001567,2024-06-25,CUST-4693,36,Eskişehir,Ev & Yaşam,Ruj,2,1152.79,2305.58,2024-06,Tuesday
ORD-001568,2024-01-09,CUST-3994,63,İzmir,Elektronik,Vazo,4,683.87,2735.48,2024-01,Tuesday
ORD-001569,2024-04-08,CUST-3946,28,Adana,Spor,Halı,2,2229.78,4459.56,2024-04,Monday
ORD-001570,2024-01-20,CUST-2449,51,Ankara,Spor,Tablet,3,4444.16,13332.48,2024-01,Saturday
ORD-001571,2024-08-28,CUST-2298,24,İstanbul,Kozmetik,Tişört,3,1299.62,3898.86,2024-08,Wednesday
ORD-001572,2024-03-01,CUST-4784,61,Ankara,Giyim,Halter Seti,1,1900.08,1900.08,2024-03,Friday
ORD-001573,2024-06-26,CUST-3331,51,Ankara,Ev & Yaşam,Yoga Matı,3,4238.03,12714.09,2024-06,Wednesday
ORD-001574,2024-12-03,CUST-1979,37,Eskişehir,Elektronik,Elbise,4,3108.19,12432.76,2024-12,Tuesday
ORD-001575,2024-03-02,CUST-3220,55,İstanbul,Giyim,Futbol Topu,3,3770.5,11311.5,2024-03,Saturday
ORD-001576,2024-05-24,CUST-4398,41,Diğer,Kozmetik,Ayakkabı,1,1109.3,1109.3,2024-05,Friday
ORD-001577,2024-08-03,CUST-4789,27,Diğer,Kozmetik,Parfüm,2,3596.62,7193.24,2024-08,Saturday
ORD-001578,2024-01-03,CUST-4134,49,İstanbul,Giyim,Telefon,3,1176.67,3530.01,2024-01,Wednesday
ORD-001579,2024-06-08,CUST-4144,32,İstanbul,Kitap,Laptop,4,4937.2,19748.8,2024-06,Saturday
ORD-001580,2024-08-14,CUST-3810,54,Diğer,Spor,Kulaklık,4,2821.44,11285.76,2024-08,Wednesday
ORD-001581,2024-09-25,CUST-2659,37,Diğer,Elektronik,Kot Pantolon,4,3493.41,13973.64,2024-09,Wednesday
ORD-001582,2024-04-29,CUST-2398,20,Ankara,Elektronik,Tişört,2,636.09,1272.18,2024-04,Monday
ORD-001583,2024-03-29,CUST-1632,54,İstanbul,Elektronik,Şiir,4,1290.75,5163.0,2024-03,Friday
ORD-001584,2024-11-24,CUST-2531,57,İzmir,Giyim,Yoga Matı,1,741.72,741.72,2024-11,Sunday
ORD-001585,2024-03-08,CUST-1786,25,Antalya,Kitap,Yoga Matı,1,1981.35,1981.35,2024-03,Friday
ORD-001586,2024-12-22,CUST-3990,57,İstanbul,Ev & Yaşam,Bilim Kurgu,4,1456.47,5825.88,2024-12,Sunday
ORD-001587,2024-04-07,CUST-4059,61,Adana,Kozmetik,Ders Kitabı,3,3677.97,11033.91,2024-04,Sunday
ORD-001588,2024-09-23,CUST-1397,40,İstanbul,Giyim,Smartwatch,4,588.11,2352.44,2024-09,Monday
ORD-001589,2024-04-14,CUST-2143,57,İstanbul,Ev & Yaşam,Ders Kitabı,1,3772.69,3772.69,2024-04,Sunday
ORD-001590,2024-11-18,CUST-1933,28,Ankara,Kozmetik,Elbise,1,276.24,276.24,2024-11,Monday
ORD-001591,2024-05-02,CUST-2460,63,Ankara,Kozmetik,Ayna,1,1049.99,1049.99,2024-05,Thursday
ORD-001592,2024-01-29,CUST-2852,25,İstanbul,Kitap,Tişört,3,3970.23,11910.69,2024-01,Monday
ORD-001593,2024-05-16,CUST-3723,46,Ankara,Spor,Şiir,3,3726.74,11180.22,2024-05,Thursday
ORD-001594,2024-07-13,CUST-3983,47,İstanbul,Elektronik,Bisiklet,3,2407.81,7223.43,2024-07,Saturday
ORD-001595,2024-08-13,CUST-3512,27,İstanbul,Ev & Yaşam,Tişört,1,297.41,297.41,2024-08,Tuesday
ORD-001596,2024-11-27,CUST-1285,56,İstanbul,Giyim,Halter Seti,2,3068.97,6137.94,2024-11,Wednesday
ORD-001597,2024-06-18,CUST-1264,45,Diğer,Ev & Yaşam,Ayakkabı,4,2063.28,8253.12,2024-06,Tuesday
ORD-001598,2024-01-09,CUST-3367,53,Ankara,Spor,Futbol Topu,4,1616.81,6467.24,2024-01,Tuesday
ORD-001599,2024-02-09,CUST-3720,30,Ankara,Elektronik,Ruj,1,3220.03,3220.03,2024-02,Friday
ORD-001600,2024-01-25,CUST-4447,49,İzmir,Ev & Yaşam,Ayakkabı,3,2211.24,6633.72,2024-01,Thursday
ORD-001601,2024-09-17,CUST-3867,53,Diğer,Spor,Halter Seti,2,507.48,1014.96,2024-09,Tuesday
ORD-001602,2024-08-13,CUST-3136,54,İstanbul,Giyim,Ayna,2,4583.95,9167.9,2024-08,Tuesday
ORD-001603,2024-05-03,CUST-2677,43,Antalya,Kitap,Laptop,3,3903.54,11710.62,2024-05,Friday
ORD-001604,2024-02-07,CUST-2226,39,Adana,Kozmetik,Ayakkabı,4,329.07,1316.28,2024-02,Wednesday
ORD-001605,2024-11-23,CUST-1820,21,Bursa,Giyim,Lambader,4,2649.07,10596.28,2024-11,Saturday
ORD-001606,2024-09-07,CUST-2762,48,İstanbul,Elektronik,Kulaklık,2,462.72,925.44,2024-09,Saturday
ORD-001607,2024-06-24,CUST-4048,35,Antalya,Kozmetik,Tişört,2,4194.58,8389.16,2024-06,Monday
ORD-001608,2024-03-30,CUST-3381,55,İstanbul,Giyim,Halı,3,3084.42,9253.26,2024-03,Saturday
ORD-001609,2024-02-06,CUST-3269,41,İzmir,Giyim,Halı,4,903.62,3614.48,2024-02,Tuesday
ORD-001610,2024-11-11,CUST-1040,40,Adana,Giyim,Ruj,2,152.67,305.34,2024-11,Monday
ORD-001611,2024-06-24,CUST-2731,39,İstanbul,Giyim,Ayna,4,206.33,825.32,2024-06,Monday
ORD-001612,2024-10-10,CUST-1067,19,Kayseri,Kozmetik,Güneş Kremi,2,2561.46,5122.92,2024-10,Thursday
ORD-001613,2024-03-21,CUST-1987,48,İstanbul,Elektronik,Bilim Kurgu,3,3685.15,11055.45,2024-03,Thursday
ORD-001614,2024-04-23,CUST-2799,28,Kayseri,Spor,Futbol Topu,4,648.16,2592.64,2024-04,Tuesday
ORD-001615,2024-02-09,CUST-3561,45,Ankara,Ev & Yaşam,Laptop,2,1145.36,2290.72,2024-02,Friday
ORD-001616,2024-10-27,CUST-4944,63,İstanbul,Kitap,Bisiklet,2,1669.94,3339.88,2024-10,Sunday
ORD-001617,2024-08-11,CUST-4708,49,İstanbul,Ev & Yaşam,Bisiklet,2,1129.48,2258.96,2024-08,Sunday
ORD-001618,2024-11-13,CUST-4693,22,Diğer,Ev & Yaşam,Ruj,2,1987.12,3974.24,2024-11,Wednesday
ORD-001619,2024-12-14,CUST-2621,55,İstanbul,Kitap,Bisiklet,3,2820.09,8460.27,2024-12,Saturday
ORD-001620,2024-04-24,CUST-2655,27,İstanbul,Kozmetik,Halı,4,3440.44,13761.76,2024-04,Wednesday
ORD-001621,2024-07-04,CUST-4198,57,İstanbul,Elektronik,Güneş Kremi,4,4820.69,19282.76,2024-07,Thursday
ORD-001622,2024-11-18,CUST-2278,63,Bursa,Kitap,Yoga Matı,1,4657.68,4657.68,2024-11,Monday
ORD-001623,2024-02-25,CUST-1694,41,İzmir,Elektronik,Maskara,4,2872.13,11488.52,2024-02,Sunday
ORD-001624,2024-02-09,CUST-4087,52,İstanbul,Kozmetik,Roman,1,3684.04,3684.04,2024-02,Friday
ORD-001625,2024-12-19,CUST-3524,61,İstanbul,Ev & Yaşam,Ruj,2,4756.82,9513.64,2024-12,Thursday
ORD-001626,2024-02-09,CUST-2085,40,İstanbul,Elektronik,Ayakkabı,3,463.19,1389.57,2024-02,Friday
ORD-001627,2024-12-12,CUST-3928,34,İstanbul,Kozmetik,Perde,3,77.89,233.67,2024-12,Thursday
ORD-001628,2024-08-24,CUST-3479,18,Ankara,Kozmetik,Laptop,2,197.51,395.02,2024-08,Saturday
ORD-001629,2024-10-15,CUST-2693,48,Adana,Spor,Ayakkabı,1,2838.58,2838.58,2024-10,Tuesday
ORD-001630,2024-09-18,CUST-3315,48,İstanbul,Kitap,Tişört,2,3826.03,7652.06,2024-09,Wednesday
ORD-001631,2024-08-03,CUST-2058,59,Ankara,Spor,Kot Pantolon,3,1867.02,5601.06,2024-08,Saturday
ORD-001632,2024-05-26,CUST-1778,59,Ankara,Ev & Yaşam,Yoga Matı,3,2748.93,8246.79,2024-05,Sunday
ORD-001633,2024-12-01,CUST-4647,51,Diğer,Kitap,Nemlendirici,4,2606.01,10424.04,2024-12,Sunday
ORD-001634,2024-06-16,CUST-1493,26,Diğer,Ev & Yaşam,Güneş Kremi,1,519.12,519.12,2024-06,Sunday
ORD-001635,2024-04-01,CUST-2585,39,Gaziantep,Spor,Bisiklet,4,1641.86,6567.44,2024-04,Monday
ORD-001636,2024-12-18,CUST-2492,30,İstanbul,Kozmetik,Perde,3,146.2,438.6,2024-12,Wednesday
ORD-001637,2024-02-28,CUST-2790,42,İstanbul,Ev & Yaşam,Yoga Matı,3,597.99,1793.97,2024-02,Wednesday
ORD-001638,2024-02-28,CUST-1660,35,İstanbul,Kitap,Koşu Bandı,4,4068.7,16274.8,2024-02,Wednesday
ORD-001639,2024-10-30,CUST-2348,29,İstanbul,Kitap,Bisiklet,4,4155.6,16622.4,2024-10,Wednesday
ORD-001640,2024-06-17,CUST-2327,57,İzmir,Ev & Yaşam,Perde,3,4019.63,12058.89,2024-06,Monday
ORD-001641,2024-09-25,CUST-2299,34,Konya,Kitap,Vazo,4,3647.75,14591.0,2024-09,Wednesday
ORD-001642,2024-12-28,CUST-4940,32,Eskişehir,Kozmetik,Bilim Kurgu,4,3976.9,15907.6,2024-12,Saturday
ORD-001643,2024-02-14,CUST-2986,59,Kayseri,Kozmetik,Şiir,1,3371.36,3371.36,2024-02,Wednesday
ORD-001644,2024-12-10,CUST-4755,32,Ankara,Kitap,Ders Kitabı,3,3365.68,10097.04,2024-12,Tuesday
ORD-001645,2024-06-29,CUST-4060,32,Antalya,Ev & Yaşam,Roman,2,3353.44,6706.88,2024-06,Saturday
ORD-001646,2024-06-18,CUST-3044,56,İstanbul,Spor,Parfüm,1,2594.51,2594.51,2024-06,Tuesday
ORD-001647,2024-12-21,CUST-4272,30,İstanbul,Kitap,Kot Pantolon,2,1848.57,3697.14,2024-12,Saturday
ORD-001648,2024-07-09,CUST-4516,34,Adana,Kitap,Ayakkabı,4,3664.47,14657.88,2024-07,Tuesday
ORD-001649,2024-06-03,CUST-2928,49,İstanbul,Kitap,Bilim Kurgu,4,1528.3,6113.2,2024-06,Monday
ORD-001650,2024-07-06,CUST-2347,26,Ankara,Kitap,Ders Kitabı,2,2737.37,5474.74,2024-07,Saturday
ORD-001651,2024-01-07,CUST-2058,57,İstanbul,Ev & Yaşam,Smartwatch,4,2195.11,8780.44,2024-01,Sunday
ORD-001652,2024-05-12,CUST-1976,37,Antalya,Spor,Kot Pantolon,4,1419.28,5677.12,2024-05,Sunday
ORD-001653,2024-08-22,CUST-1481,43,Konya,Spor,Smartwatch,1,4874.72,4874.72,2024-08,Thursday
ORD-001654,2024-02-14,CUST-1727,44,İstanbul,Elektronik,Kulaklık,2,1330.82,2661.64,2024-02,Wednesday
ORD-001655,2024-11-09,CUST-3527,38,Gaziantep,Kitap,Futbol Topu,1,1581.0,1581.0,2024-11,Saturday
ORD-001656,2024-09-05,CUST-4136,35,İstanbul,Kitap,Maskara,2,849.86,1699.72,2024-09,Thursday
ORD-001657,2024-01-31,CUST-2031,30,Ankara,Elektronik,Vazo,1,4123.75,4123.75,2024-01,Wednesday
ORD-001658,2024-01-23,CUST-4372,33,Adana,Spor,Kot Pantolon,3,2953.62,8860.86,2024-01,Tuesday
ORD-001659,2024-06-08,CUST-1342,26,Antalya,Giyim,Bilim Kurgu,3,3084.54,9253.62,2024-06,Saturday
ORD-001660,2024-12-28,CUST-4502,29,Diğer,Kozmetik,Ders Kitabı,2,4111.78,8223.56,2024-12,Saturday
ORD-001661,2024-06-06,CUST-2447,61,İstanbul,Giyim,Halı,3,1747.45,5242.35,2024-06,Thursday
ORD-001662,2024-02-08,CUST-3379,55,Antalya,Spor,Tişört,1,1008.49,1008.49,2024-02,Thursday
ORD-001663,2024-03-22,CUST-3485,36,Bursa,Kitap,Bilim Kurgu,2,1032.11,2064.22,2024-03,Friday
ORD-001664,2024-12-21,CUST-4659,24,Diğer,Giyim,Ders Kitabı,3,3676.47,11029.41,2024-12,Saturday
ORD-001665,2024-09-14,CUST-3221,52,İstanbul,Ev & Yaşam,Koşu Bandı,3,3089.87,9269.61,2024-09,Saturday
ORD-001666,2024-07-24,CUST-3606,35,Konya,Ev & Yaşam,Smartwatch,2,1071.38,2142.76,2024-07,Wednesday
ORD-001667,2024-03-17,CUST-1526,33,İzmir,Elektronik,Bilim Kurgu,3,768.07,2304.21,2024-03,Sunday
ORD-001668,2024-01-12,CUST-2896,56,İstanbul,Spor,Güneş Kremi,3,647.4,1942.2,2024-01,Friday
ORD-001669,2024-10-21,CUST-1658,21,Ankara,Spor,Ayakkabı,2,3157.6,6315.2,2024-10,Monday
ORD-001670,2024-08-11,CUST-3073,42,İstanbul,Giyim,Güneş Kremi,3,50.59,151.77,2024-08,Sunday
ORD-001671,2024-01-13,CUST-1819,49,İzmir,Kitap,Halı,3,140.68,422.04,2024-01,Saturday
ORD-001672,2024-02-15,CUST-3652,57,Diğer,Spor,Koşu Bandı,3,1978.29,5934.87,2024-02,Thursday
ORD-001673,2024-06-03,CUST-1405,30,İzmir,Giyim,Elbise,3,3472.18,10416.54,2024-06,Monday
ORD-001674,2024-04-22,CUST-3279,62,Bursa,Giyim,Halter Seti,4,3490.44,13961.76,2024-04,Monday
ORD-001675,2024-08-20,CUST-3580,34,İzmir,Kozmetik,Tablet,2,2179.09,4358.18,2024-08,Tuesday
ORD-001676,2024-01-17,CUST-4890,54,İstanbul,Kozmetik,Bilim Kurgu,4,3470.81,13883.24,2024-01,Wednesday
ORD-001677,2024-12-25,CUST-2573,23,İstanbul,Spor,Mont,4,2629.43,10517.72,2024-12,Wednesday
ORD-001678,2024-08-10,CUST-2811,36,Ankara,Giyim,Ayna,1,4885.81,4885.81,2024-08,Saturday
ORD-001679,2024-12-19,CUST-1504,30,İstanbul,Elektronik,Tablet,4,854.18,3416.72,2024-12,Thursday
ORD-001680,2024-07-06,CUST-4740,43,İstanbul,Elektronik,Laptop,4,3023.3,12093.2,2024-07,Saturday
ORD-001681,2024-12-09,CUST-1178,31,İzmir,Kozmetik,Futbol Topu,1,2481.63,2481.63,2024-12,Monday
ORD-001682,2024-12-30,CUST-1131,48,İstanbul,Spor,Laptop,3,1012.61,3037.83,2024-12,Monday
ORD-001683,2024-06-11,CUST-2846,21,İstanbul,Kitap,Tişört,3,3762.45,11287.35,2024-06,Tuesday
ORD-001684,2024-11-21,CUST-2478,56,Ankara,Elektronik,Yoga Matı,4,1413.76,5655.04,2024-11,Thursday
ORD-001685,2024-03-14,CUST-3395,25,İstanbul,Elektronik,Laptop,1,1939.46,1939.46,2024-03,Thursday
ORD-001686,2024-08-20,CUST-3587,42,Diğer,Kozmetik,Perde,3,1905.41,5716.23,2024-08,Tuesday
ORD-001687,2024-08-11,CUST-1771,30,Eskişehir,Kozmetik,Maskara,1,1258.81,1258.81,2024-08,Sunday
ORD-001688,2024-11-14,CUST-2429,49,Adana,Spor,Tişört,2,2181.99,4363.98,2024-11,Thursday
ORD-001689,2024-02-29,CUST-3123,55,İstanbul,Kozmetik,Perde,2,2393.06,4786.12,2024-02,Thursday
ORD-001690,2024-11-30,CUST-1578,55,Konya,Ev & Yaşam,Lambader,2,3733.9,7467.8,2024-11,Saturday
ORD-001691,2024-08-09,CUST-3901,45,Gaziantep,Giyim,Bisiklet,2,3837.09,7674.18,2024-08,Friday
ORD-001692,2024-02-06,CUST-2515,47,Konya,Elektronik,Şiir,4,834.85,3339.4,2024-02,Tuesday
ORD-001693,2024-10-04,CUST-1193,20,İstanbul,Ev & Yaşam,Halter Seti,2,2984.22,5968.44,2024-10,Friday
ORD-001694,2024-07-14,CUST-3007,45,Bursa,Kitap,Mont,2,4486.18,8972.36,2024-07,Sunday
ORD-001695,2024-12-17,CUST-2185,20,Kayseri,Ev & Yaşam,Mont,1,588.49,588.49,2024-12,Tuesday
ORD-001696,2024-08-29,CUST-3394,62,İzmir,Spor,Futbol Topu,3,2390.92,7172.76,2024-08,Thursday
ORD-001697,2024-11-19,CUST-3998,51,Bursa,Kitap,Roman,1,3764.25,3764.25,2024-11,Tuesday
ORD-001698,2024-08-06,CUST-2384,33,Ankara,Kitap,Koşu Bandı,4,3076.88,12307.52,2024-08,Tuesday
ORD-001699,2024-07-10,CUST-2792,39,İzmir,Kozmetik,Tişört,2,547.9,1095.8,2024-07,Wednesday
ORD-001700,2024-01-17,CUST-4655,49,İstanbul,Ev & Yaşam,Ders Kitabı,3,2013.2,6039.6,2024-01,Wednesday
ORD-001701,2024-01-12,CUST-2110,55,Bursa,Spor,Kot Pantolon,3,2560.84,7682.52,2024-01,Friday
ORD-001702,2024-07-11,CUST-4333,25,İstanbul,Elektronik,Roman,2,4979.44,9958.88,2024-07,Thursday
ORD-001703,2024-01-22,CUST-3261,25,Ankara,Kozmetik,Şiir,2,934.11,1868.22,2024-01,Monday
ORD-001704,2024-04-29,CUST-4736,23,İstanbul,Ev & Yaşam,Futbol Topu,4,4913.0,19652.0,2024-04,Monday
ORD-001705,2024-07-28,CUST-4793,31,İzmir,Elektronik,Futbol Topu,4,1911.94,7647.76,2024-07,Sunday
ORD-001706,2024-11-01,CUST-2936,49,İstanbul,Ev & Yaşam,Futbol Topu,2,1041.59,2083.18,2024-11,Friday
ORD-001707,2024-09-26,CUST-3620,52,Antalya,Kozmetik,Biyografi,2,2099.84,4199.68,2024-09,Thursday
ORD-001708,2024-07-10,CUST-1779,27,Gaziantep,Elektronik,Ders Kitabı,2,3089.28,6178.56,2024-07,Wednesday
ORD-001709,2024-06-23,CUST-1261,20,İstanbul,Kozmetik,Kot Pantolon,2,1106.81,2213.62,2024-06,Sunday
ORD-001710,2024-10-11,CUST-1729,29,İstanbul,Ev & Yaşam,Perde,3,1492.62,4477.86,2024-10,Friday
ORD-001711,2024-07-22,CUST-1282,48,İstanbul,Kitap,Koşu Bandı,4,4280.01,17120.04,2024-07,Monday
ORD-001712,2024-06-12,CUST-4719,46,Eskişehir,Giyim,Parfüm,2,4995.1,9990.2,2024-06,Wednesday
ORD-001713,2024-09-07,CUST-2490,22,İzmir,Kitap,Kot Pantolon,2,1624.95,3249.9,2024-09,Saturday
ORD-001714,2024-08-14,CUST-4451,42,Ankara,Kozmetik,Ayakkabı,3,786.84,2360.52,2024-08,Wednesday
ORD-001715,2024-01-07,CUST-1361,58,İstanbul,Kozmetik,Smartwatch,1,3976.2,3976.2,2024-01,Sunday
ORD-001716,2024-01-29,CUST-4520,48,Bursa,Kozmetik,Koşu Bandı,2,3022.26,6044.52,2024-01,Monday
ORD-001717,2024-02-02,CUST-1440,38,Eskişehir,Elektronik,Ayakkabı,3,546.99,1640.97,2024-02,Friday
ORD-001718,2024-05-13,CUST-3140,37,Kayseri,Spor,Telefon,3,4736.52,14209.56,2024-05,Monday
ORD-001719,2024-03-19,CUST-2644,56,Bursa,Kozmetik,Parfüm,1,436.35,436.35,2024-03,Tuesday
ORD-001720,2024-02-27,CUST-3800,39,İstanbul,Kitap,Ruj,4,3145.51,12582.04,2024-02,Tuesday
ORD-001721,2024-01-26,CUST-1866,21,İstanbul,Giyim,Halter Seti,4,2148.49,8593.96,2024-01,Friday
ORD-001722,2024-08-13,CUST-2447,30,İstanbul,Kozmetik,Roman,4,2805.29,11221.16,2024-08,Tuesday
ORD-001723,2024-10-11,CUST-1141,62,İstanbul,Kozmetik,Telefon,2,1105.41,2210.82,2024-10,Friday
ORD-001724,2024-01-04,CUST-2314,59,İstanbul,Kozmetik,Şiir,4,3456.15,13824.6,2024-01,Thursday
ORD-001725,2024-04-08,CUST-2455,37,İstanbul,Elektronik,Parfüm,2,4800.61,9601.22,2024-04,Monday
ORD-001726,2024-02-08,CUST-3796,30,Ankara,Kozmetik,Güneş Kremi,2,2319.21,4638.42,2024-02,Thursday
ORD-001727,2024-09-27,CUST-2875,34,Diğer,Kitap,Perde,3,2638.64,7915.92,2024-09,Friday
ORD-001728,2024-10-11,CUST-2847,53,Bursa,Ev & Yaşam,Ayna,4,1237.07,4948.28,2024-10,Friday
ORD-001729,2024-06-05,CUST-2712,50,Kayseri,Spor,Lambader,4,4464.75,17859.0,2024-06,Wednesday
ORD-001730,2024-03-15,CUST-3700,18,Adana,Kozmetik,Ayna,4,4857.31,19429.24,2024-03,Friday
ORD-001731,2024-10-14,CUST-1700,32,İstanbul,Elektronik,Kot Pantolon,2,3942.17,7884.34,2024-10,Monday
ORD-001732,2024-05-09,CUST-1997,30,Adana,Kitap,Vazo,2,2736.73,5473.46,2024-05,Thursday
ORD-001733,2024-06-23,CUST-3096,34,İstanbul,Kozmetik,Ayakkabı,4,4786.14,19144.56,2024-06,Sunday
ORD-001734,2024-03-24,CUST-2325,41,Bursa,Elektronik,Kot Pantolon,2,811.56,1623.12,2024-03,Sunday
ORD-001735,2024-01-22,CUST-1880,25,İstanbul,Ev & Yaşam,Bisiklet,2,2418.53,4837.06,2024-01,Monday
ORD-001736,2024-01-27,CUST-2213,44,Diğer,Giyim,Mont,1,2711.15,2711.15,2024-01,Saturday
ORD-001737,2024-07-13,CUST-2159,62,İstanbul,Kozmetik,Kot Pantolon,1,2484.99,2484.99,2024-07,Saturday
ORD-001738,2024-12-02,CUST-1554,40,İstanbul,Kitap,Lambader,4,4021.97,16087.88,2024-12,Monday
ORD-001739,2024-08-23,CUST-1403,63,Diğer,Elektronik,Tişört,4,3368.49,13473.96,2024-08,Friday
ORD-001740,2024-04-01,CUST-1891,25,İstanbul,Elektronik,Bilim Kurgu,1,676.96,676.96,2024-04,Monday
ORD-001741,2024-01-21,CUST-3912,25,Antalya,Kozmetik,Ayna,2,1764.93,3529.86,2024-01,Sunday
ORD-001742,2024-10-29,CUST-1601,43,Adana,Elektronik,Laptop,2,1728.43,3456.86,2024-10,Tuesday
ORD-001743,2024-12-22,CUST-2830,64,Kayseri,Giyim,Lambader,3,2849.88,8549.64,2024-12,Sunday
ORD-001744,2024-03-24,CUST-1340,30,Diğer,Elektronik,Mont,4,1492.72,5970.88,2024-03,Sunday
ORD-001745,2024-09-18,CUST-4828,56,Diğer,Spor,Ders Kitabı,4,630.5,2522.0,2024-09,Wednesday
ORD-001746,2024-05-26,CUST-2968,54,İstanbul,Spor,Halı,4,3285.73,13142.92,2024-05,Sunday
ORD-001747,2024-09-13,CUST-1703,45,Kayseri,Elektronik,Biyografi,3,4262.63,12787.89,2024-09,Friday
ORD-001748,2024-02-27,CUST-1317,42,Bursa,Kozmetik,Tablet,3,4661.46,13984.38,2024-02,Tuesday
ORD-001749,2024-01-15,CUST-3665,33,Bursa,Spor,Güneş Kremi,2,4864.26,9728.52,2024-01,Monday
ORD-001750,2024-06-10,CUST-2386,19,İstanbul,Kitap,Telefon,1,3916.53,3916.53,2024-06,Monday
ORD-001751,2024-06-11,CUST-4893,35,Antalya,Spor,Ruj,1,741.53,741.53,2024-06,Tuesday
ORD-001752,2024-11-15,CUST-3429,34,Diğer,Elektronik,Yoga Matı,1,4272.9,4272.9,2024-11,Friday
ORD-001753,2024-10-07,CUST-3280,47,Diğer,Kozmetik,Nemlendirici,2,2029.8,4059.6,2024-10,Monday
ORD-001754,2024-10-06,CUST-2800,56,Ankara,Ev & Yaşam,Koşu Bandı,1,3663.06,3663.06,2024-10,Sunday
ORD-001755,2024-01-12,CUST-2367,30,İstanbul,Kozmetik,Ayna,3,2679.78,8039.34,2024-01,Friday
ORD-001756,2024-09-30,CUST-2572,49,Ankara,Kozmetik,Bisiklet,3,4151.6,12454.8,2024-09,Monday
ORD-001757,2024-09-27,CUST-1816,46,Kayseri,Kozmetik,Roman,4,2156.25,8625.0,2024-09,Friday
ORD-001758,2024-07-26,CUST-1552,63,Adana,Kitap,Yoga Matı,1,355.88,355.88,2024-07,Friday
ORD-001759,2024-01-27,CUST-4600,47,Ankara,Giyim,Roman,3,2806.28,8418.84,2024-01,Saturday
ORD-001760,2024-03-12,CUST-1855,35,İstanbul,Elektronik,Nemlendirici,4,897.89,3591.56,2024-03,Tuesday
ORD-001761,2024-02-29,CUST-2812,30,Ankara,Giyim,Nemlendirici,1,4829.31,4829.31,2024-02,Thursday
ORD-001762,2024-05-24,CUST-3866,60,Ankara,Ev & Yaşam,Maskara,1,2658.47,2658.47,2024-05,Friday
ORD-001763,2024-04-02,CUST-4642,38,Diğer,Giyim,Koşu Bandı,3,2790.12,8370.36,2024-04,Tuesday
ORD-001764,2024-11-04,CUST-1182,47,Bursa,Elektronik,Maskara,4,4540.97,18163.88,2024-11,Monday
ORD-001765,2024-01-08,CUST-4112,38,İstanbul,Elektronik,Yoga Matı,4,3141.7,12566.8,2024-01,Monday
ORD-001766,2024-03-19,CUST-2574,34,İzmir,Ev & Yaşam,Halter Seti,3,1548.51,4645.53,2024-03,Tuesday
ORD-001767,2024-01-27,CUST-1396,57,İstanbul,Elektronik,Mont,3,1515.67,4547.01,2024-01,Saturday
ORD-001768,2024-06-22,CUST-2727,36,Diğer,Ev & Yaşam,Mont,3,2532.81,7598.43,2024-06,Saturday
ORD-001769,2024-02-19,CUST-3826,32,Ankara,Ev & Yaşam,Koşu Bandı,1,4339.71,4339.71,2024-02,Monday
ORD-001770,2024-07-17,CUST-2517,26,Ankara,Elektronik,Roman,3,3983.91,11951.73,2024-07,Wednesday
ORD-001771,2024-12-14,CUST-4730,27,Ankara,Spor,Lambader,3,4815.57,14446.71,2024-12,Saturday
ORD-001772,2024-06-29,CUST-1906,61,Antalya,Ev & Yaşam,Laptop,2,405.84,811.68,2024-06,Saturday
ORD-001773,2024-01-24,CUST-2356,48,Antalya,Elektronik,Kot Pantolon,3,1378.21,4134.63,2024-01,Wednesday
ORD-001774,2024-11-11,CUST-3174,40,Adana,Spor,Yoga Matı,3,447.03,1341.09,2024-11,Monday
ORD-001775,2024-02-15,CUST-4629,47,İstanbul,Ev & Yaşam,Kulaklık,1,3767.84,3767.84,2024-02,Thursday
ORD-001776,2024-01-15,CUST-4628,50,İstanbul,Spor,Ayakkabı,4,747.13,2988.52,2024-01,Monday
ORD-001777,2024-06-01,CUST-1000,26,İstanbul,Kitap,Perde,1,544.44,544.44,2024-06,Saturday
ORD-001778,2024-08-09,CUST-4239,64,Antalya,Kozmetik,Roman,2,2830.28,5660.56,2024-08,Friday
ORD-001779,2024-07-24,CUST-4691,18,İstanbul,Kitap,Koşu Bandı,3,2086.85,6260.55,2024-07,Wednesday
ORD-001780,2024-09-29,CUST-1018,61,İzmir,Spor,Ayna,3,3589.75,10769.25,2024-09,Sunday
ORD-001781,2024-08-23,CUST-4403,52,Eskişehir,Ev & Yaşam,Ayakkabı,3,2460.73,7382.19,2024-08,Friday
ORD-001782,2024-12-05,CUST-1583,28,Diğer,Elektronik,Koşu Bandı,3,2155.41,6466.23,2024-12,Thursday
ORD-001783,2024-08-15,CUST-1455,51,Ankara,Giyim,Laptop,3,2156.23,6468.69,2024-08,Thursday
ORD-001784,2024-01-09,CUST-4004,33,Ankara,Elektronik,Nemlendirici,3,4365.79,13097.37,2024-01,Tuesday
ORD-001785,2024-06-14,CUST-3036,26,İstanbul,Giyim,Ders Kitabı,2,2006.37,4012.74,2024-06,Friday
ORD-001786,2024-11-14,CUST-2132,49,Antalya,Giyim,Kot Pantolon,3,1700.32,5100.96,2024-11,Thursday
ORD-001787,2024-08-01,CUST-4339,32,Kayseri,Ev & Yaşam,Roman,3,1725.75,5177.25,2024-08,Thursday
ORD-001788,2024-04-26,CUST-3492,29,İstanbul,Spor,Futbol Topu,3,1023.17,3069.51,2024-04,Friday
ORD-001789,2024-12-09,CUST-4311,50,Ankara,Elektronik,Güneş Kremi,2,4310.41,8620.82,2024-12,Monday
ORD-001790,2024-03-12,CUST-2952,62,Kayseri,Spor,Halı,3,775.82,2327.46,2024-03,Tuesday
ORD-001791,2024-03-04,CUST-4372,31,Eskişehir,Kitap,Ders Kitabı,2,4547.62,9095.24,2024-03,Monday
ORD-001792,2024-07-23,CUST-3649,25,İstanbul,Ev & Yaşam,Smartwatch,1,1453.17,1453.17,2024-07,Tuesday
ORD-001793,2024-07-27,CUST-3150,25,İzmir,Ev & Yaşam,Ayakkabı,3,4502.16,13506.48,2024-07,Saturday
ORD-001794,2024-03-12,CUST-1987,44,İstanbul,Kitap,Smartwatch,4,3964.56,15858.24,2024-03,Tuesday
ORD-001795,2024-10-03,CUST-4321,29,İstanbul,Elektronik,Ders Kitabı,2,2930.84,5861.68,2024-10,Thursday
ORD-001796,2024-09-30,CUST-4524,18,Diğer,Kozmetik,Güneş Kremi,1,3363.88,3363.88,2024-09,Monday
ORD-001797,2024-11-15,CUST-1519,60,Kayseri,Kitap,Ayna,2,1662.93,3325.86,2024-11,Friday
ORD-001798,2024-12-03,CUST-4224,57,Konya,Elektronik,Perde,2,2892.43,5784.86,2024-12,Tuesday
ORD-001799,2024-04-04,CUST-1858,59,İstanbul,Giyim,Tablet,1,1497.39,1497.39,2024-04,Thursday
ORD-001800,2024-06-14,CUST-1173,28,Kayseri,Ev & Yaşam,Halter Seti,3,2041.25,6123.75,2024-06,Friday
ORD-001801,2024-02-01,CUST-2366,56,Ankara,Elektronik,Halter Seti,3,3835.08,11505.24,2024-02,Thursday
ORD-001802,2024-01-11,CUST-4741,60,İstanbul,Spor,Ruj,2,1257.47,2514.94,2024-01,Thursday
ORD-001803,2024-10-27,CUST-4052,48,İzmir,Spor,Perde,1,4202.29,4202.29,2024-10,Sunday
ORD-001804,2024-08-04,CUST-3478,34,İstanbul,Ev & Yaşam,Kulaklık,3,1910.62,5731.86,2024-08,Sunday
ORD-001805,2024-10-15,CUST-1726,50,Konya,Kitap,Telefon,2,2684.24,5368.48,2024-10,Tuesday
ORD-001806,2024-04-11,CUST-4760,49,İzmir,Kozmetik,Tablet,4,4712.7,18850.8,2024-04,Thursday
ORD-001807,2024-09-23,CUST-2710,46,İstanbul,Kitap,Bilim Kurgu,1,3422.22,3422.22,2024-09,Monday
ORD-001808,2024-08-01,CUST-2875,38,İstanbul,Elektronik,Maskara,4,3245.74,12982.96,2024-08,Thursday
ORD-001809,2024-06-27,CUST-3897,38,İstanbul,Kitap,Bisiklet,4,3572.46,14289.84,2024-06,Thursday
ORD-001810,2024-03-28,CUST-2681,57,İstanbul,Ev & Yaşam,Yoga Matı,2,4594.65,9189.3,2024-03,Thursday
ORD-001811,2024-02-10,CUST-2347,40,İzmir,Elektronik,Bilim Kurgu,1,1280.14,1280.14,2024-02,Saturday
ORD-001812,2024-03-16,CUST-1989,23,Kayseri,Giyim,Kot Pantolon,3,3085.54,9256.62,2024-03,Saturday
ORD-001813,2024-02-15,CUST-4744,39,İstanbul,Kitap,Şiir,3,2031.95,6095.85,2024-02,Thursday
ORD-001814,2024-06-08,CUST-3686,55,İstanbul,Kitap,Güneş Kremi,2,108.68,217.36,2024-06,Saturday
ORD-001815,2024-03-20,CUST-1419,54,İzmir,Kozmetik,Laptop,3,670.24,2010.72,2024-03,Wednesday
ORD-001816,2024-11-05,CUST-1593,62,Gaziantep,Elektronik,Ders Kitabı,3,1658.71,4976.13,2024-11,Tuesday
ORD-001817,2024-03-26,CUST-3532,25,İstanbul,Spor,Kulaklık,4,2846.75,11387.0,2024-03,Tuesday
ORD-001818,2024-04-01,CUST-4730,58,İstanbul,Kitap,Güneş Kremi,4,4413.3,17653.2,2024-04,Monday
ORD-001819,2024-05-27,CUST-2774,52,İzmir,Ev & Yaşam,Nemlendirici,1,3966.01,3966.01,2024-05,Monday
ORD-001820,2024-06-09,CUST-3459,28,İstanbul,Kitap,Halı,4,2789.0,11156.0,2024-06,Sunday
ORD-001821,2024-07-20,CUST-1935,41,İstanbul,Kozmetik,Kulaklık,3,415.66,1246.98,2024-07,Saturday
ORD-001822,2024-08-29,CUST-2107,38,Adana,Giyim,Halter Seti,1,1465.24,1465.24,2024-08,Thursday
ORD-001823,2024-12-18,CUST-2136,19,Bursa,Kozmetik,Bilim Kurgu,1,1865.21,1865.21,2024-12,Wednesday
ORD-001824,2024-01-02,CUST-4808,57,İzmir,Kitap,Maskara,2,3127.5,6255.0,2024-01,Tuesday
ORD-001825,2024-08-12,CUST-1331,36,Konya,Spor,Tablet,4,371.37,1485.48,2024-08,Monday
ORD-001826,2024-10-15,CUST-4449,56,Antalya,Kitap,Mont,1,2674.46,2674.46,2024-10,Tuesday
ORD-001827,2024-08-20,CUST-4826,45,İstanbul,Elektronik,Lambader,3,4512.25,13536.75,2024-08,Tuesday
ORD-001828,2024-03-17,CUST-3702,34,Ankara,Kitap,Kot Pantolon,1,3541.89,3541.89,2024-03,Sunday
ORD-001829,2024-04-25,CUST-3088,23,İstanbul,Spor,Nemlendirici,1,3995.53,3995.53,2024-04,Thursday
ORD-001830,2024-06-02,CUST-2793,36,İstanbul,Elektronik,Mont,2,3424.29,6848.58,2024-06,Sunday
ORD-001831,2024-04-12,CUST-1958,55,Antalya,Ev & Yaşam,Mont,3,1072.62,3217.86,2024-04,Friday
ORD-001832,2024-07-12,CUST-4868,45,Eskişehir,Elektronik,Perde,3,596.89,1790.67,2024-07,Friday
ORD-001833,2024-06-14,CUST-1104,19,Diğer,Kozmetik,Vazo,4,4155.98,16623.92,2024-06,Friday
ORD-001834,2024-12-24,CUST-1201,55,Bursa,Giyim,Perde,3,3492.75,10478.25,2024-12,Tuesday
ORD-001835,2024-03-30,CUST-3497,54,İstanbul,Kozmetik,Vazo,1,2896.55,2896.55,2024-03,Saturday
ORD-001836,2024-06-22,CUST-2842,21,İstanbul,Elektronik,Elbise,3,986.95,2960.85,2024-06,Saturday
ORD-001837,2024-05-01,CUST-2866,39,Gaziantep,Ev & Yaşam,Halter Seti,3,3036.56,9109.68,2024-05,Wednesday
ORD-001838,2024-05-22,CUST-2996,43,İzmir,Kitap,Koşu Bandı,1,205.04,205.04,2024-05,Wednesday
ORD-001839,2024-04-15,CUST-2289,60,Bursa,Elektronik,Lambader,2,638.25,1276.5,2024-04,Monday
ORD-001840,2024-10-31,CUST-1909,53,Gaziantep,Kozmetik,Ders Kitabı,4,1593.86,6375.44,2024-10,Thursday
ORD-001841,2024-12-25,CUST-1209,30,Adana,Elektronik,Telefon,4,2246.5,8986.0,2024-12,Wednesday
ORD-001842,2024-11-12,CUST-1562,49,Kayseri,Elektronik,Parfüm,2,646.79,1293.58,2024-11,Tuesday
ORD-001843,2024-05-02,CUST-4189,34,İstanbul,Elektronik,Bilim Kurgu,1,643.7,643.7,2024-05,Thursday
ORD-001844,2024-01-09,CUST-3760,58,Konya,Ev & Yaşam,Güneş Kremi,4,3643.17,14572.68,2024-01,Tuesday
ORD-001845,2024-09-18,CUST-4448,53,Eskişehir,Spor,Biyografi,2,2870.11,5740.22,2024-09,Wednesday
ORD-001846,2024-03-13,CUST-4622,63,İstanbul,Spor,Ders Kitabı,2,2692.02,5384.04,2024-03,Wednesday
ORD-001847,2024-12-24,CUST-2563,36,Bursa,Elektronik,Bisiklet,2,2289.55,4579.1,2024-12,Tuesday
ORD-001848,2024-08-10,CUST-1770,52,İstanbul,Ev & Yaşam,Tablet,4,4883.89,19535.56,2024-08,Saturday
ORD-001849,2024-02-10,CUST-4155,63,Diğer,Ev & Yaşam,Roman,4,296.51,1186.04,2024-02,Saturday
ORD-001850,2024-07-22,CUST-3501,57,İstanbul,Elektronik,Vazo,4,944.1,3776.4,2024-07,Monday
ORD-001851,2024-09-20,CUST-3714,45,İzmir,Kozmetik,Parfüm,4,3255.16,13020.64,2024-09,Friday
ORD-001852,2024-11-23,CUST-1628,18,İstanbul,Kozmetik,Koşu Bandı,3,725.01,2175.03,2024-11,Saturday
ORD-001853,2024-06-26,CUST-4585,59,Adana,Giyim,Parfüm,2,2967.44,5934.88,2024-06,Wednesday
ORD-001854,2024-12-13,CUST-2628,35,İstanbul,Elektronik,Halı,3,2860.42,8581.26,2024-12,Friday
ORD-001855,2024-11-13,CUST-2701,57,İstanbul,Giyim,Perde,2,4856.48,9712.96,2024-11,Wednesday
ORD-001856,2024-03-24,CUST-1386,50,Ankara,Kozmetik,Şiir,4,4422.76,17691.04,2024-03,Sunday
ORD-001857,2024-11-13,CUST-2935,29,Diğer,Kozmetik,Ayna,4,4730.49,18921.96,2024-11,Wednesday
ORD-001858,2024-04-20,CUST-4421,25,İstanbul,Elektronik,Laptop,3,612.33,1836.99,2024-04,Saturday
ORD-001859,2024-09-07,CUST-3343,41,İstanbul,Giyim,Halı,1,4347.33,4347.33,2024-09,Saturday
ORD-001860,2024-01-07,CUST-3305,33,Konya,Giyim,Roman,4,689.0,2756.0,2024-01,Sunday
ORD-001861,2024-03-24,CUST-2104,21,İzmir,Elektronik,Nemlendirici,1,3183.01,3183.01,2024-03,Sunday
ORD-001862,2024-07-26,CUST-1267,55,Diğer,Giyim,Halı,2,3614.39,7228.78,2024-07,Friday
ORD-001863,2024-11-09,CUST-3466,61,İstanbul,Kitap,Futbol Topu,3,846.22,2538.66,2024-11,Saturday
ORD-001864,2024-01-22,CUST-3282,44,Bursa,Kozmetik,Futbol Topu,1,3181.66,3181.66,2024-01,Monday
ORD-001865,2024-01-03,CUST-2856,26,İstanbul,Spor,Bisiklet,1,309.68,309.68,2024-01,Wednesday
ORD-001866,2024-05-06,CUST-4382,64,İstanbul,Ev & Yaşam,Nemlendirici,4,1501.67,6006.68,2024-05,Monday
ORD-001867,2024-10-23,CUST-4884,33,Antalya,Giyim,Mont,1,4609.73,4609.73,2024-10,Wednesday
ORD-001868,2024-07-06,CUST-2998,29,İzmir,Giyim,Yoga Matı,1,900.07,900.07,2024-07,Saturday
ORD-001869,2024-12-27,CUST-4033,48,Konya,Ev & Yaşam,Yoga Matı,2,373.09,746.18,2024-12,Friday
ORD-001870,2024-01-14,CUST-2380,41,İstanbul,Giyim,Elbise,3,2246.21,6738.63,2024-01,Sunday
ORD-001871,2024-01-12,CUST-2236,31,Ankara,Ev & Yaşam,Ruj,4,4260.56,17042.24,2024-01,Friday
ORD-001872,2024-03-27,CUST-1573,62,Ankara,Elektronik,Koşu Bandı,4,429.53,1718.12,2024-03,Wednesday
ORD-001873,2024-01-12,CUST-1048,42,Diğer,Kitap,Biyografi,1,1809.9,1809.9,2024-01,Friday
ORD-001874,2024-01-25,CUST-2150,51,İstanbul,Kitap,Maskara,2,4503.89,9007.78,2024-01,Thursday
ORD-001875,2024-10-27,CUST-1222,20,İstanbul,Kozmetik,Bisiklet,1,634.87,634.87,2024-10,Sunday
ORD-001876,2024-08-30,CUST-3968,41,Ankara,Spor,Koşu Bandı,1,1587.81,1587.81,2024-08,Friday
ORD-001877,2024-05-01,CUST-4350,59,İzmir,Giyim,Elbise,4,3903.18,15612.72,2024-05,Wednesday
ORD-001878,2024-05-26,CUST-2431,26,İstanbul,Spor,Ders Kitabı,1,2738.89,2738.89,2024-05,Sunday
ORD-001879,2024-02-24,CUST-2528,43,Diğer,Elektronik,Ruj,1,4170.05,4170.05,2024-02,Saturday
ORD-001880,2024-08-25,CUST-4365,37,İstanbul,Kitap,Vazo,2,602.4,1204.8,2024-08,Sunday
ORD-001881,2024-12-21,CUST-2819,57,Diğer,Elektronik,Telefon,4,4606.74,18426.96,2024-12,Saturday
ORD-001882,2024-06-21,CUST-3324,27,İstanbul,Elektronik,Biyografi,3,4677.81,14033.43,2024-06,Friday
ORD-001883,2024-08-08,CUST-2461,36,Antalya,Giyim,Vazo,2,818.8,1637.6,2024-08,Thursday
ORD-001884,2024-04-28,CUST-2130,20,Diğer,Elektronik,Şiir,2,217.68,435.36,2024-04,Sunday
ORD-001885,2024-11-04,CUST-2681,41,İstanbul,Kitap,Lambader,2,4949.71,9899.42,2024-11,Monday
ORD-001886,2024-07-01,CUST-3467,22,Diğer,Spor,Perde,4,2437.15,9748.6,2024-07,Monday
ORD-001887,2024-10-14,CUST-3658,20,Ankara,Kitap,Bilim Kurgu,1,2881.77,2881.77,2024-10,Monday
ORD-001888,2024-11-02,CUST-4500,44,Diğer,Giyim,Elbise,3,3098.73,9296.19,2024-11,Saturday
ORD-001889,2024-10-26,CUST-1374,33,Antalya,Kitap,Ders Kitabı,4,3958.86,15835.44,2024-10,Saturday
ORD-001890,2024-03-22,CUST-3120,32,İstanbul,Ev & Yaşam,Bilim Kurgu,1,4069.34,4069.34,2024-03,Friday
ORD-001891,2024-07-29,CUST-3021,52,İstanbul,Spor,Vazo,2,1009.93,2019.86,2024-07,Monday
ORD-001892,2024-05-29,CUST-4705,29,İstanbul,Ev & Yaşam,Laptop,4,1221.35,4885.4,2024-05,Wednesday
ORD-001893,2024-02-06,CUST-2053,58,İstanbul,Ev & Yaşam,Lambader,1,4390.32,4390.32,2024-02,Tuesday
ORD-001894,2024-12-17,CUST-4259,61,İstanbul,Kozmetik,Bisiklet,3,4106.61,12319.83,2024-12,Tuesday
ORD-001895,2024-11-07,CUST-4435,43,İstanbul,Giyim,Biyografi,3,3107.22,9321.66,2024-11,Thursday
ORD-001896,2024-12-26,CUST-2889,64,Ankara,Elektronik,Ruj,1,4973.76,4973.76,2024-12,Thursday
ORD-001897,2024-02-28,CUST-2823,51,Gaziantep,Ev & Yaşam,Şiir,4,3689.16,14756.64,2024-02,Wednesday
ORD-001898,2024-05-10,CUST-2474,40,İstanbul,Kitap,Tişört,2,1118.39,2236.78,2024-05,Friday
ORD-001899,2024-07-20,CUST-3242,48,İstanbul,Elektronik,Parfüm,1,4240.89,4240.89,2024-07,Saturday
ORD-001900,2024-08-30,CUST-2179,37,Bursa,Kitap,Perde,2,2102.93,4205.86,2024-08,Friday
ORD-001901,2024-02-04,CUST-4243,29,İstanbul,Kitap,Mont,3,228.96,686.88,2024-02,Sunday
ORD-001902,2024-04-02,CUST-3894,40,İstanbul,Elektronik,Roman,1,1641.04,1641.04,2024-04,Tuesday
ORD-001903,2024-07-25,CUST-2064,21,İstanbul,Elektronik,Perde,3,3829.58,11488.74,2024-07,Thursday
ORD-001904,2024-12-18,CUST-4134,40,Diğer,Kitap,Ayna,2,4803.02,9606.04,2024-12,Wednesday
ORD-001905,2024-11-27,CUST-3070,18,Kayseri,Giyim,Yoga Matı,2,1416.88,2833.76,2024-11,Wednesday
ORD-001906,2024-10-31,CUST-1359,42,Ankara,Spor,Yoga Matı,1,1270.26,1270.26,2024-10,Thursday
ORD-001907,2024-12-15,CUST-4146,19,Antalya,Kozmetik,Smartwatch,1,2839.9,2839.9,2024-12,Sunday
ORD-001908,2024-07-31,CUST-3607,47,İzmir,Spor,Koşu Bandı,1,4067.84,4067.84,2024-07,Wednesday
ORD-001909,2024-06-07,CUST-3719,20,Antalya,Giyim,Maskara,3,3745.3,11235.9,2024-06,Friday
ORD-001910,2024-01-24,CUST-3041,38,Antalya,Kozmetik,Lambader,2,2821.8,5643.6,2024-01,Wednesday
ORD-001911,2024-10-19,CUST-4896,42,Bursa,Elektronik,Futbol Topu,2,3175.38,6350.76,2024-10,Saturday
ORD-001912,2024-01-04,CUST-2141,37,İstanbul,Kozmetik,Laptop,3,1248.39,3745.17,2024-01,Thursday
ORD-001913,2024-08-07,CUST-2635,39,İstanbul,Kitap,Ders Kitabı,1,2191.24,2191.24,2024-08,Wednesday
ORD-001914,2024-12-29,CUST-2403,38,Ankara,Spor,Ruj,4,1314.06,5256.24,2024-12,Sunday
ORD-001915,2024-01-20,CUST-2943,50,Diğer,Kozmetik,Yoga Matı,1,4427.87,4427.87,2024-01,Saturday
ORD-001916,2024-05-31,CUST-1678,55,İzmir,Kitap,Perde,4,607.14,2428.56,2024-05,Friday
ORD-001917,2024-02-19,CUST-4361,32,Kayseri,Giyim,Biyografi,4,3414.72,13658.88,2024-02,Monday
ORD-001918,2024-06-25,CUST-3487,63,Diğer,Kozmetik,Vazo,3,1338.4,4015.2,2024-06,Tuesday
ORD-001919,2024-04-05,CUST-4739,32,İstanbul,Kitap,Şiir,2,2404.11,4808.22,2024-04,Friday
ORD-001920,2024-04-14,CUST-3980,63,Antalya,Giyim,Parfüm,2,1532.09,3064.18,2024-04,Sunday
ORD-001921,2024-09-06,CUST-1006,42,Antalya,Elektronik,Ayna,2,1650.06,3300.12,2024-09,Friday
ORD-001922,2024-04-26,CUST-4267,38,Diğer,Giyim,Yoga Matı,2,1338.95,2677.9,2024-04,Friday
ORD-001923,2024-12-19,CUST-3468,41,Diğer,Giyim,Bisiklet,3,3776.32,11328.96,2024-12,Thursday
ORD-001924,2024-08-15,CUST-2591,22,Antalya,Spor,Laptop,4,1860.29,7441.16,2024-08,Thursday
ORD-001925,2024-03-06,CUST-1832,23,İstanbul,Kitap,Şiir,2,3645.47,7290.94,2024-03,Wednesday
ORD-001926,2024-11-30,CUST-4264,60,Gaziantep,Kozmetik,Tablet,4,2307.55,9230.2,2024-11,Saturday
ORD-001927,2024-09-18,CUST-3606,61,İstanbul,Spor,Elbise,3,2758.87,8276.61,2024-09,Wednesday
ORD-001928,2024-10-21,CUST-4219,64,Gaziantep,Ev & Yaşam,Futbol Topu,1,2739.27,2739.27,2024-10,Monday
ORD-001929,2024-08-30,CUST-2810,40,Diğer,Giyim,Şiir,3,4880.47,14641.41,2024-08,Friday
ORD-001930,2024-07-04,CUST-4740,21,Ankara,Ev & Yaşam,Maskara,2,1866.96,3733.92,2024-07,Thursday
ORD-001931,2024-09-02,CUST-4273,44,Bursa,Spor,Tablet,1,1078.04,1078.04,2024-09,Monday
ORD-001932,2024-05-04,CUST-4515,35,Ankara,Kitap,Nemlendirici,3,4563.37,13690.11,2024-05,Saturday
ORD-001933,2024-09-24,CUST-1913,38,Ankara,Spor,Nemlendirici,3,915.45,2746.35,2024-09,Tuesday
ORD-001934,2024-05-10,CUST-3011,45,İstanbul,Kitap,Güneş Kremi,4,4180.39,16721.56,2024-05,Friday
ORD-001935,2024-08-24,CUST-2442,52,Konya,Kitap,Telefon,3,793.56,2380.68,2024-08,Saturday
ORD-001936,2024-01-18,CUST-2450,39,Diğer,Elektronik,Elbise,1,3310.69,3310.69,2024-01,Thursday
ORD-001937,2024-02-09,CUST-4054,57,Diğer,Giyim,Laptop,3,795.18,2385.54,2024-02,Friday
ORD-001938,2024-01-21,CUST-2502,40,İstanbul,Spor,Lambader,2,4619.27,9238.54,2024-01,Sunday
ORD-001939,2024-08-12,CUST-4546,20,Eskişehir,Kitap,Koşu Bandı,4,2846.79,11387.16,2024-08,Monday
ORD-001940,2024-12-20,CUST-1125,57,Adana,Spor,Telefon,1,1679.91,1679.91,2024-12,Friday
ORD-001941,2024-10-08,CUST-3442,27,İstanbul,Spor,Tablet,1,744.6,744.6,2024-10,Tuesday
ORD-001942,2024-01-08,CUST-1816,42,İstanbul,Kitap,Mont,3,1887.4,5662.2,2024-01,Monday
ORD-001943,2024-04-09,CUST-3928,25,İstanbul,Kozmetik,Perde,2,3539.85,7079.7,2024-04,Tuesday
ORD-001944,2024-08-27,CUST-2829,28,Diğer,Ev & Yaşam,Kulaklık,4,1955.51,7822.04,2024-08,Tuesday
ORD-001945,2024-03-27,CUST-1575,22,Bursa,Giyim,Futbol Topu,1,1268.17,1268.17,2024-03,Wednesday
ORD-001946,2024-10-24,CUST-3372,62,Adana,Giyim,Futbol Topu,4,2908.18,11632.72,2024-10,Thursday
ORD-001947,2024-01-14,CUST-2415,54,İstanbul,Kozmetik,Tablet,3,2118.22,6354.66,2024-01,Sunday
ORD-001948,2024-11-29,CUST-1929,62,Adana,Elektronik,Güneş Kremi,2,870.74,1741.48,2024-11,Friday
ORD-001949,2024-01-02,CUST-4759,55,İstanbul,Kozmetik,Maskara,3,812.24,2436.72,2024-01,Tuesday
ORD-001950,2024-10-19,CUST-4699,46,Ankara,Elektronik,Perde,4,3551.94,14207.76,2024-10,Saturday
ORD-001951,2024-11-20,CUST-2463,22,Bursa,Elektronik,Yoga Matı,3,4874.63,14623.89,2024-11,Wednesday
ORD-001952,2024-02-10,CUST-4275,26,İstanbul,Kozmetik,Parfüm,4,1203.82,4815.28,2024-02,Saturday
ORD-001953,2024-11-13,CUST-4557,19,Kayseri,Giyim,Futbol Topu,1,3877.09,3877.09,2024-11,Wednesday
ORD-001954,2024-11-11,CUST-1832,18,İstanbul,Ev & Yaşam,Lambader,1,483.65,483.65,2024-11,Monday
ORD-001955,2024-04-20,CUST-2054,57,Antalya,Giyim,Perde,3,1938.8,5816.4,2024-04,Saturday
ORD-001956,2024-01-14,CUST-4459,47,Ankara,Giyim,Maskara,1,2558.11,2558.11,2024-01,Sunday
ORD-001957,2024-08-18,CUST-2648,28,İzmir,Giyim,Kulaklık,4,1380.3,5521.2,2024-08,Sunday
ORD-001958,2024-03-24,CUST-2900,45,İstanbul,Kozmetik,Ders Kitabı,1,2671.41,2671.41,2024-03,Sunday
ORD-001959,2024-05-09,CUST-2457,61,İstanbul,Kozmetik,Kot Pantolon,2,4418.94,8837.88,2024-05,Thursday
ORD-001960,2024-08-18,CUST-3884,29,Diğer,Kozmetik,Biyografi,2,4724.97,9449.94,2024-08,Sunday
ORD-001961,2024-11-21,CUST-3973,56,İstanbul,Giyim,Biyografi,3,547.76,1643.28,2024-11,Thursday
ORD-001962,2024-05-24,CUST-2399,43,Gaziantep,Ev & Yaşam,Koşu Bandı,3,1395.64,4186.92,2024-05,Friday
ORD-001963,2024-12-10,CUST-4415,30,Diğer,Elektronik,Perde,3,4896.71,14690.13,2024-12,Tuesday
ORD-001964,2024-01-28,CUST-1442,25,İstanbul,Spor,Halter Seti,3,1388.57,4165.71,2024-01,Sunday
ORD-001965,2024-03-06,CUST-4650,45,İstanbul,Elektronik,Ruj,4,3478.9,13915.6,2024-03,Wednesday
ORD-001966,2024-06-11,CUST-3122,47,Antalya,Elektronik,Ayakkabı,4,1304.6,5218.4,2024-06,Tuesday
ORD-001967,2024-08-16,CUST-1556,26,Diğer,Spor,Ruj,2,1814.01,3628.02,2024-08,Friday
ORD-001968,2024-09-17,CUST-4843,56,Diğer,Giyim,Telefon,4,996.83,3987.32,2024-09,Tuesday
ORD-001969,2024-06-12,CUST-4737,48,İzmir,Ev & Yaşam,Ayakkabı,1,4288.69,4288.69,2024-06,Wednesday
ORD-001970,2024-10-27,CUST-2178,38,Gaziantep,Ev & Yaşam,Yoga Matı,2,4419.11,8838.22,2024-10,Sunday
ORD-001971,2024-10-29,CUST-4501,64,İstanbul,Elektronik,Koşu Bandı,3,1519.72,4559.16,2024-10,Tuesday
ORD-001972,2024-10-13,CUST-3037,51,Diğer,Spor,Maskara,3,4126.77,12380.31,2024-10,Sunday
ORD-001973,2024-01-10,CUST-1362,48,Diğer,Kitap,Bisiklet,4,1823.3,7293.2,2024-01,Wednesday
ORD-001974,2024-07-13,CUST-3495,42,İstanbul,Giyim,Bisiklet,2,540.15,1080.3,2024-07,Saturday
ORD-001975,2024-04-27,CUST-2257,29,İstanbul,Elektronik,Roman,4,3802.48,15209.92,2024-04,Saturday
ORD-001976,2024-09-26,CUST-4634,18,İstanbul,Ev & Yaşam,Kulaklık,4,3002.41,12009.64,2024-09,Thursday
ORD-001977,2024-03-20,CUST-2841,39,İstanbul,Kozmetik,Ders Kitabı,4,1408.19,5632.76,2024-03,Wednesday
ORD-001978,2024-04-02,CUST-3309,57,Gaziantep,Kozmetik,Koşu Bandı,2,1302.35,2604.7,2024-04,Tuesday
ORD-001979,2024-09-22,CUST-2850,54,Ankara,Spor,Perde,3,4879.34,14638.02,2024-09,Sunday
ORD-001980,2024-11-27,CUST-3172,64,İstanbul,Spor,Roman,1,4319.38,4319.38,2024-11,Wednesday
ORD-001981,2024-12-15,CUST-1910,18,İstanbul,Elektronik,Koşu Bandı,3,4058.5,12175.5,2024-12,Sunday
ORD-001982,2024-12-26,CUST-1244,18,Diğer,Kitap,Koşu Bandı,2,683.69,1367.38,2024-12,Thursday
ORD-001983,2024-09-13,CUST-1541,59,Bursa,Ev & Yaşam,Tablet,3,3788.18,11364.54,2024-09,Friday
ORD-001984,2024-05-12,CUST-3532,59,Ankara,Elektronik,Ruj,3,1111.97,3335.91,2024-05,Sunday
ORD-001985,2024-10-02,CUST-3169,38,İstanbul,Kitap,Kot Pantolon,1,4888.08,4888.08,2024-10,Wednesday
ORD-001986,2024-09-20,CUST-3172,32,Diğer,Spor,Ders Kitabı,3,307.84,923.52,2024-09,Friday
ORD-001987,2024-06-19,CUST-2572,34,Kayseri,Kozmetik,Bilim Kurgu,3,1793.09,5379.27,2024-06,Wednesday
ORD-001988,2024-01-01,CUST-3217,39,İstanbul,Giyim,Şiir,3,2171.81,6515.43,2024-01,Monday
ORD-001989,2024-11-08,CUST-1123,55,İstanbul,Kozmetik,Koşu Bandı,4,4129.8,16519.2,2024-11,Friday
ORD-001990,2024-03-04,CUST-4940,52,İstanbul,Ev & Yaşam,Tablet,2,3842.8,7685.6,2024-03,Monday
ORD-001991,2024-10-10,CUST-4106,62,İstanbul,Ev & Yaşam,Bisiklet,2,1906.21,3812.42,2024-10,Thursday
ORD-001992,2024-04-30,CUST-4158,33,İzmir,Kozmetik,Koşu Bandı,1,2849.52,2849.52,2024-04,Tuesday
ORD-001993,2024-04-16,CUST-3693,25,Diğer,Kozmetik,Parfüm,4,4186.2,16744.8,2024-04,Tuesday
ORD-001994,2024-06-23,CUST-2731,64,Ankara,Kitap,Vazo,4,140.09,560.36,2024-06,Sunday
ORD-001995,2024-07-22,CUST-1785,34,Kayseri,Elektronik,Telefon,3,4020.78,12062.34,2024-07,Monday
ORD-001996,2024-06-13,CUST-3043,34,Ankara,Spor,Roman,2,4737.14,9474.28,2024-06,Thursday
ORD-001997,2024-10-31,CUST-3248,43,Adana,Kitap,Tişört,1,208.72,208.72,2024-10,Thursday
ORD-001998,2024-04-29,CUST-3416,30,Adana,Giyim,Şiir,4,275.63,1102.52,2024-04,Monday
ORD-001999,2024-02-13,CUST-1796,34,İstanbul,Kozmetik,Yoga Matı,3,1755.34,5266.02,2024-02,Tuesday
ORD-002000,2024-11-07,CUST-1076,55,Ankara,Giyim,Kulaklık,1,484.46,484.46,2024-11,Thursday
